"","lga","month","household","individual","male","female","infant","child","youth","adult","elderly"
"1","AGATU","2016-03",708,4018,1800,2218,260,510,1099,1768,381
"2","AKKO","2016-11",1301,6992,3571,3421,477,1170,2341,2715,289
"3","AKKO","2016-12",1317,7067,3593,3474,477,1183,2374,2748,285
"4","AKKO","2017-02",1193,6392,3231,3161,394,1180,1928,2625,265
"5","AKKO","2017-04",1265,6509,3001,3508,297,1117,2087,2846,162
"6","AKKO","2017-05",1269,6517,3199,3318,336,1060,1936,2939,246
"7","AKKO","2017-06",1276,6563,3048,3515,305,1128,2098,2866,166
"8","AKKO","2017-09",1298,6779,3204,3575,321,1184,2153,2942,179
"9","AKKO","2017-11",1275,6587,3060,3527,325,1097,2014,2969,182
"10","ALKALERI","2016-11",34,204,105,99,6,45,65,87,1
"11","ALKALERI","2016-12",34,204,105,99,6,45,65,87,1
"12","ALKALERI","2017-02",30,185,94,91,9,35,59,81,1
"13","ALKALERI","2017-04",24,150,70,80,9,30,44,64,3
"14","ALKALERI","2017-05",39,283,132,151,14,60,85,116,8
"15","ALKALERI","2017-06",39,282,133,149,14,60,85,115,8
"16","ALKALERI","2017-09",39,282,133,149,14,60,84,116,8
"17","ALKALERI","2017-11",42,281,134,147,21,56,81,114,9
"18","ARDO-KOLA","2019-05",17,85,39,46,4,10,26,40,5
"19","ARDO - KOLA","2016-08",27,191,84,107,5,64,66,51,5
"20","ARDO - KOLA","2016-10",13,51,25,26,1,13,12,24,1
"21","ARDO - KOLA","2016-11",922,4764,2156,2608,271,935,1316,2045,197
"22","ARDO - KOLA","2016-12",831,4110,1837,2273,298,559,1125,1891,237
"23","ARDO - KOLA","2017-02",1049,5327,2396,2931,273,682,1400,2685,287
"24","ARDO - KOLA","2017-04",1129,5775,2484,3291,323,815,1723,2659,255
"25","ARDO - KOLA","2017-05",1129,5775,2484,3291,323,815,1723,2659,255
"26","ARDO - KOLA","2017-06",1164,5964,2553,3411,331,822,1792,2747,272
"27","ARDO - KOLA","2017-09",1164,5964,2521,3443,336,767,1809,2761,291
"28","ARDO - KOLA","2017-11",1136,5794,2533,3261,441,778,1479,2792,304
"29","ARDO - KOLA","2018-01",17,85,39,46,6,13,22,41,3
"30","ARDO - KOLA","2018-04",17,85,39,46,6,13,22,41,3
"31","ARDO - KOLA","2018-06",17,85,39,46,6,13,22,41,3
"32","ARDO - KOLA","2018-07",17,85,39,46,4,10,26,40,5
"33","ARDO - KOLA","2018-10",17,85,39,46,4,10,26,40,5
"34","ARDO - KOLA","2018-11",17,85,39,46,4,10,26,40,5
"35","ARDO - KOLA","2019-07",17,85,39,46,4,10,26,40,5
"36","ARDO - KOLA","2019-08",17,82,39,43,4,10,23,40,5
"37","ARDO - KOLA","2019-11",17,82,39,43,4,10,23,40,5
"38","ARDO - KOLA","2020-01",17,82,39,43,4,10,23,40,5
"39","ASKIRA / UBA","2015-09",335,2284,841,1443,66,409,788,711,310
"40","ASKIRA / UBA","2015-11",338,2316,856,1460,86,411,793,714,312
"41","ASKIRA / UBA","2016-01",805,2621,1148,1473,151,539,790,924,217
"42","ASKIRA / UBA","2016-03",805,2621,1148,1473,78,612,790,570,571
"43","ASKIRA / UBA","2016-08",196,1081,498,583,40,140,428,460,13
"44","ASKIRA / UBA","2016-10",195,1077,544,533,40,146,431,453,7
"45","ASKIRA / UBA","2016-11",1146,7470,3459,4011,139,1329,2737,3056,209
"46","ASKIRA / UBA","2016-12",1135,6810,3121,3689,181,1107,2414,2930,178
"47","ASKIRA / UBA","2017-02",1835,11010,5295,5715,284,3442,3442,3684,158
"48","ASKIRA / UBA","2017-04",1839,11040,4870,6170,427,2457,5370,2571,215
"49","ASKIRA / UBA","2017-05",1886,11316,5447,5869,244,2986,3975,3887,224
"50","ASKIRA / UBA","2017-06",1798,10788,5142,5646,317,2099,4347,3755,270
"51","ASKIRA / UBA","2017-09",1901,11406,5421,5985,400,2835,3768,4150,253
"52","ASKIRA / UBA","2017-11",1865,11190,5335,5855,347,1871,4644,3924,404
"53","ASKIRA / UBA","2018-01",770,4620,2248,2372,124,433,2338,1638,87
"54","ASKIRA / UBA","2018-04",618,3708,1813,1895,78,648,1679,1271,32
"55","ASKIRA / UBA","2018-06",621,3726,1763,1963,70,543,1787,1290,36
"56","ASKIRA / UBA","2018-07",622,3732,1839,1893,38,434,1994,1252,14
"57","ASKIRA / UBA","2018-10",629,3774,1865,1909,26,974,1492,1268,14
"58","ASKIRA / UBA","2018-11",630,3780,1860,1920,75,664,1760,1254,27
"59","ASKIRA / UBA","2019-07",525,3155,1355,1800,58,297,1535,1242,23
"60","ASKIRA / UBA","2019-08",516,3096,1305,1791,58,297,1488,1230,23
"61","ASKIRA / UBA","2019-11",523,3138,1306,1832,58,303,1502,1247,28
"62","ASKIRA / UBA","2020-01",523,3138,1322,1816,58,302,1498,1257,23
"63","ASKIRA/UBA","2019-05",638,3828,1818,2010,75,355,2117,1254,27
"64","BADE","2016-11",2236,17183,8024,9159,1747,2955,4053,5785,2643
"65","BADE","2016-12",2229,17175,7655,9520,1316,2986,4697,6176,2000
"66","BADE","2017-02",1566,11745,4800,6945,1209,2348,3321,4391,476
"67","BADE","2017-04",1547,11603,4641,6962,1286,2545,3304,4097,371
"68","BADE","2017-05",1541,11557,4620,6937,1279,2521,3299,4090,368
"69","BADE","2017-06",1534,11504,4587,6917,1322,2585,3220,4018,359
"70","BADE","2017-09",1529,11465,4532,6933,1341,2617,3243,3904,360
"71","BADE","2017-11",1584,11779,4654,7125,1356,2658,3305,4064,396
"72","BALANGA","2016-11",340,1850,876,974,129,301,656,725,39
"73","BALANGA","2016-12",340,1850,864,986,125,382,654,662,27
"74","BALANGA","2017-02",320,1850,884,966,121,386,654,662,27
"75","BALANGA","2017-04",357,2158,1035,1123,90,313,742,960,53
"76","BALANGA","2017-05",319,1996,988,1008,85,303,730,826,52
"77","BALANGA","2017-06",322,1848,920,928,85,323,587,801,52
"78","BALANGA","2017-09",349,1936,899,1037,77,310,592,886,71
"79","BALANGA","2017-11",330,1863,838,1025,103,324,602,755,79
"80","BALI","2015-03",24,173,69,104,16,36,43,55,23
"81","BALI","2015-06",331,990,482,508,69,199,337,302,83
"82","BALI","2015-07",246,747,326,421,60,169,150,294,74
"83","BALI","2015-09",255,901,413,488,60,209,190,314,128
"84","BALI","2015-11",290,1055,461,594,38,56,198,639,124
"85","BALI","2016-01",60,276,130,146,17,63,45,121,30
"86","BALI","2016-03",18,73,38,35,3,19,13,27,11
"87","BALI","2016-08",9,47,23,24,2,13,10,16,6
"88","BALI","2016-10",9,47,23,24,2,13,10,16,6
"89","BALI","2016-11",448,2200,1075,1125,78,673,599,813,37
"90","BALI","2016-12",444,2185,1070,1115,77,671,597,803,37
"91","BALI","2017-02",514,2462,1159,1303,95,668,672,965,62
"92","BALI","2017-04",550,2569,1190,1379,104,626,735,1031,73
"93","BALI","2017-05",904,4619,1979,2640,216,964,1160,2175,104
"94","BALI","2017-06",855,4380,1883,2497,206,943,1106,2025,100
"95","BALI","2017-09",855,4380,1883,2497,206,943,1106,2025,100
"96","BALI","2017-11",732,3629,1623,2006,167,793,957,1609,103
"97","BALI","2018-01",127,832,313,519,33,154,204,429,12
"98","BAMA","2016-08",2218,9397,4198,5199,43,2132,3282,3104,836
"99","BAMA","2016-10",6896,39326,18522,20804,500,7946,23035,6659,1186
"100","BAMA","2016-11",5571,29550,14729,14821,1992,5963,14484,6439,672
"101","BAMA","2016-12",5231,31992,13551,18441,879,5424,7910,15633,2146
"102","BAMA","2017-02",7115,38724,17328,21396,1390,9504,17216,8014,2600
"103","BAMA","2017-04",8722,44365,19143,25222,1701,9412,16931,13800,2521
"104","BAMA","2017-05",10406,55899,23937,31962,5058,9646,16512,19027,5656
"105","BAMA","2017-06",11753,56749,23586,33163,2714,8508,16333,25244,3950
"106","BAMA","2017-09",13387,57691,24463,33228,4928,7256,16765,23416,5326
"107","BAMA","2017-11",13639,47732,20685,27047,2220,9998,14880,18436,2198
"108","BAMA","2018-01",14064,49139,21822,27317,4263,6315,19467,16534,2560
"109","BAMA","2018-04",13510,48314,19903,28411,3159,8094,15318,18385,3358
"110","BAMA","2018-06",15266,52911,23719,29192,5043,8028,18031,18980,2829
"111","BAMA","2018-07",17227,61473,27682,33791,5813,9692,21195,21691,3082
"112","BAMA","2018-10",18832,66247,29574,36673,4928,9931,22762,25801,2825
"113","BAMA","2018-11",19452,68813,30677,38136,5210,12050,22560,26101,2892
"114","BAMA","2019-05",20683,72779,32807,39972,5801,12295,23996,27579,3108
"115","BAMA","2019-07",19998,72484,29942,42542,6065,12993,24659,24789,3978
"116","BAMA","2019-08",20494,73570,31743,41827,7552,10703,25121,26412,3782
"117","BAMA","2019-11",22548,77935,34720,43215,5862,10221,28370,30335,3147
"118","BAMA","2020-01",19841,77034,33104,43930,6135,11726,28244,26916,4013
"119","BAUCHI","2016-11",1366,11242,5255,5987,1485,2624,3078,3249,806
"120","BAUCHI","2016-12",1366,11242,5160,6082,1525,2260,3058,3604,795
"121","BAUCHI","2017-02",1355,11160,5189,5971,1006,1988,3289,4027,850
"122","BAUCHI","2017-04",1355,11160,5111,6049,1511,2378,3043,3418,810
"123","BAUCHI","2017-05",1353,11153,5146,6007,1515,2735,2986,3095,822
"124","BAUCHI","2017-06",1326,10920,5095,5825,1298,2641,2941,3242,798
"125","BAUCHI","2017-09",1088,8420,3909,4511,1102,2124,2225,2440,529
"126","BAUCHI","2017-11",1088,8420,3869,4551,1032,2124,2225,2510,529
"127","BAUCHI","2018-04",7,42,21,21,2,15,10,13,2
"128","BAUCHI","2018-06",7,42,17,25,4,10,16,12,0
"129","BAUCHI","2018-07",267,2260,1195,1065,33,431,272,1481,43
"130","BAUCHI","2018-10",227,1363,631,732,58,138,515,623,29
"131","BAUCHI","2018-11",227,1363,631,732,68,138,515,623,19
"132","BAUCHI","2019-05",225,1350,628,722,68,136,511,616,19
"133","BAUCHI","2019-07",225,1350,628,722,68,136,511,616,19
"134","BAUCHI","2019-08",225,1350,628,722,68,136,511,616,19
"135","BAUCHI","2019-11",220,1324,617,707,69,133,500,603,19
"136","BAUCHI","2020-01",220,1327,618,709,72,133,500,603,19
"137","BAYO","2016-11",153,1200,562,638,107,204,336,492,61
"138","BAYO","2016-12",150,1182,556,626,105,201,332,486,58
"139","BAYO","2017-02",143,1140,534,606,100,197,318,472,53
"140","BAYO","2017-04",191,1430,665,765,116,275,406,563,70
"141","BAYO","2017-05",194,1443,665,778,116,274,406,578,69
"142","BAYO","2017-06",191,1421,668,753,119,295,397,553,57
"143","BAYO","2017-09",204,1483,697,786,126,308,410,582,57
"144","BAYO","2017-11",199,1428,673,755,121,297,398,558,54
"145","BILLIRI","2016-11",54,421,178,243,5,46,147,220,3
"146","BILLIRI","2016-12",54,421,178,243,5,34,166,213,3
"147","BILLIRI","2017-02",51,410,171,239,6,42,152,207,3
"148","BILLIRI","2017-04",61,612,281,331,5,111,224,269,3
"149","BILLIRI","2017-05",80,608,261,347,4,50,248,306,0
"150","BILLIRI","2017-06",100,615,257,358,3,56,252,304,0
"151","BILLIRI","2017-09",51,424,164,260,4,57,156,207,0
"152","BILLIRI","2017-11",53,440,176,264,3,67,148,222,0
"153","BIU","2015-01",171,859,384,475,34,114,323,327,61
"154","BIU","2015-03",109,861,340,521,18,50,282,386,125
"155","BIU","2015-06",300,2517,1121,1396,0,421,446,1650,0
"156","BIU","2015-07",2536,21556,8875,12681,1271,3167,10010,6353,755
"157","BIU","2015-09",455,4112,1839,2273,105,1351,1125,931,600
"158","BIU","2015-11",649,4016,1788,2228,305,1351,1228,731,401
"159","BIU","2016-01",1659,14923,6441,8482,578,3094,4765,6100,386
"160","BIU","2016-03",1671,14984,6357,8627,393,3586,4581,5994,430
"161","BIU","2016-08",531,2632,1199,1433,86,431,1180,841,94
"162","BIU","2016-10",534,2655,1193,1462,85,447,1185,837,101
"163","BIU","2016-11",5624,39639,17896,21743,3529,9882,11478,12105,2645
"164","BIU","2016-12",5871,41962,19046,22916,3741,10430,12094,12664,3033
"165","BIU","2017-02",6246,44170,20066,24104,3990,10912,12900,13247,3121
"166","BIU","2017-04",6181,43703,19858,23845,3912,10797,12810,13131,3053
"167","BIU","2017-05",6029,42699,19490,23209,3922,10595,12342,12817,3023
"168","BIU","2017-06",5862,41643,19176,22467,3697,10238,12034,12853,2821
"169","BIU","2017-09",5849,41572,19150,22422,3681,10224,12021,12838,2808
"170","BIU","2017-11",5918,41091,18982,22109,3689,10102,11853,12643,2804
"171","BIU","2018-01",522,2428,1159,1269,129,592,805,804,98
"172","BIU","2018-04",528,2419,1161,1258,129,590,806,794,100
"173","BIU","2018-06",261,1214,574,640,61,273,437,363,80
"174","BIU","2018-07",261,1214,569,645,61,272,432,374,75
"175","BIU","2018-10",261,1214,569,645,61,272,432,374,75
"176","BIU","2018-11",271,1262,593,669,71,282,442,384,83
"177","BIU","2019-05",263,1224,582,642,69,278,432,364,81
"178","BIU","2019-07",268,1250,593,657,77,175,498,328,172
"179","BIU","2019-08",266,1241,590,651,76,276,438,368,83
"180","BIU","2019-11",262,1209,577,632,76,268,424,358,83
"181","BIU","2020-01",262,1209,577,632,76,268,424,358,83
"182","BOGORO","2016-11",480,2671,1184,1487,141,534,845,975,176
"183","BOGORO","2016-12",477,2586,1137,1449,139,492,800,979,176
"184","BOGORO","2017-02",469,2271,1058,1213,161,337,670,882,221
"185","BOGORO","2017-04",469,2244,1111,1133,134,359,704,923,124
"186","BOGORO","2017-05",469,2244,1111,1133,134,359,704,923,124
"187","BOGORO","2017-06",415,2041,1006,1035,119,333,636,842,111
"188","BOGORO","2017-09",415,2041,1007,1034,119,336,636,833,117
"189","BOGORO","2017-11",416,2048,1014,1034,126,336,631,839,116
"190","BURSARI","2016-11",137,1029,385,644,175,232,279,292,51
"191","BURSARI","2016-12",142,1067,410,657,142,202,268,405,50
"192","BURSARI","2017-02",141,1059,422,637,148,198,260,407,46
"193","BURSARI","2017-04",155,1166,472,694,167,237,295,418,49
"194","BURSARI","2017-05",151,1135,460,675,175,238,288,387,47
"195","BURSARI","2017-06",147,1107,454,653,159,223,285,398,42
"196","BURSARI","2017-09",145,1089,456,633,155,231,283,380,40
"197","BURSARI","2017-11",147,1104,466,638,139,240,282,406,37
"198","BURUKU","2016-03",1446,11444,6628,4816,80,1902,3315,4072,2075
"199","CHIBOK","2016-01",16,82,28,54,18,7,20,32,5
"200","CHIBOK","2016-10",40,200,75,125,21,54,40,70,15
"201","CHIBOK","2016-11",1285,10194,4778,5416,910,1714,3333,3697,540
"202","CHIBOK","2016-12",1315,7995,3992,4003,327,1309,2880,3134,345
"203","CHIBOK","2017-02",2082,12495,6017,6478,810,1831,4503,4861,490
"204","CHIBOK","2017-04",2527,12765,5478,7287,806,2601,3864,4720,774
"205","CHIBOK","2017-05",2866,14348,7068,7280,517,2407,4793,6237,394
"206","CHIBOK","2017-06",3276,16363,7968,8395,599,2766,5442,7142,414
"207","CHIBOK","2017-09",3341,16713,8150,8563,611,2835,5561,7284,422
"208","CHIBOK","2017-11",3306,16434,8013,8421,586,2809,5450,7168,421
"209","CHIBOK","2018-01",91,474,233,241,15,85,155,209,10
"210","CHIBOK","2018-04",91,476,234,242,15,88,156,207,10
"211","CHIBOK","2018-06",91,476,234,242,15,88,156,207,10
"212","CHIBOK","2018-07",92,475,233,242,15,87,155,208,10
"213","CHIBOK","2018-10",91,471,231,240,15,85,155,206,10
"214","CHIBOK","2018-11",88,454,222,232,16,81,151,196,10
"215","CHIBOK","2019-05",77,396,194,202,14,73,126,174,9
"216","CHIBOK","2019-07",75,389,186,203,14,67,132,169,7
"217","CHIBOK","2019-08",73,382,183,199,14,65,131,165,7
"218","CHIBOK","2019-11",67,360,172,188,14,61,121,156,8
"219","CHIBOK","2020-01",66,352,169,183,16,59,117,153,7
"220","DAMATURU","2015-03",667,4672,1621,3051,23,719,2083,1715,132
"221","DAMATURU","2015-07",965,4478,2108,2370,225,739,1886,1366,262
"222","DAMATURU","2015-09",2228,13894,6485,7409,330,1961,4766,4650,2187
"223","DAMATURU","2015-11",3418,8166,3888,4278,1492,1756,1741,1993,1184
"224","DAMATURU","2016-01",4724,12394,5973,6421,1975,2536,3050,2910,1923
"225","DAMATURU","2016-03",3171,6767,3016,3751,294,1009,2504,2617,343
"226","DAMATURU","2016-08",1666,11469,4520,6949,1653,3393,3228,2726,469
"227","DAMATURU","2016-10",2246,11367,5393,5974,1359,2761,4650,2119,478
"228","DAMATURU","2016-11",3479,19884,9019,10865,2647,3338,3899,8768,1232
"229","DAMATURU","2016-12",3229,19441,8852,10589,2008,2652,3716,10202,863
"230","DAMATURU","2017-02",3627,21872,10373,11499,2414,3195,4949,10597,717
"231","DAMATURU","2017-04",3374,19825,8317,11508,2889,3770,5137,7557,472
"232","DAMATURU","2017-05",3378,19750,8583,11167,2714,3781,4833,7969,453
"233","DAMATURU","2017-06",3343,19524,8445,11079,2616,3505,4565,8423,415
"234","DAMATURU","2017-09",3296,19246,8482,10764,2298,3617,4457,8556,318
"235","DAMATURU","2017-11",2965,17313,7493,9820,1902,3079,3652,8379,301
"236","DAMATURU","2018-01",1922,11162,4998,6164,1119,1667,2548,5745,83
"237","DAMATURU","2018-04",2143,12486,5637,6849,962,1404,2062,7754,304
"238","DAMATURU","2018-06",2044,11910,5192,6718,928,1476,1817,7429,260
"239","DAMATURU","2018-07",1620,9714,4082,5632,1009,1422,1690,5382,211
"240","DAMATURU","2018-10",1661,9966,4189,5777,1044,1460,1708,5518,236
"241","DAMATURU","2018-11",1690,10140,4261,5879,890,1523,1872,5686,169
"242","DAMATURU","2019-05",1774,10508,4210,6298,1031,1480,2877,4883,237
"243","DAMATURU","2019-07",1666,9856,3956,5900,972,1418,2657,4584,225
"244","DAMATURU","2019-08",1580,9340,3811,5529,748,1368,2462,4549,213
"245","DAMATURU","2019-11",1538,9092,3815,5277,730,1379,2434,4340,209
"246","DAMATURU","2020-01",879,4955,2057,2898,339,470,1156,2884,106
"247","DAMBAM","2016-11",465,3128,1587,1541,209,812,850,940,317
"248","DAMBAM","2016-12",473,3144,1596,1548,215,812,851,945,321
"249","DAMBAM","2017-02",478,3156,1598,1558,213,802,854,958,329
"250","DAMBAM","2017-04",471,3126,1548,1578,219,776,837,975,319
"251","DAMBAM","2017-05",471,3123,1560,1563,218,781,833,975,316
"252","DAMBAM","2017-06",471,3123,1555,1568,218,781,838,970,316
"253","DAMBAM","2017-09",471,3119,1542,1577,214,763,840,966,336
"254","DAMBAM","2017-11",471,3121,1540,1581,207,763,840,975,336
"255","DAMBOA","2016-08",4043,20226,8806,11420,1030,3292,5970,8391,1543
"256","DAMBOA","2016-10",5510,32404,15941,16463,2693,6594,6027,13806,3284
"257","DAMBOA","2016-11",8966,51084,28824,22260,2298,7571,15026,22642,3547
"258","DAMBOA","2016-12",9980,55887,31110,24777,2638,8226,16403,25022,3598
"259","DAMBOA","2017-02",9949,56243,30850,25393,2713,8292,16520,25127,3591
"260","DAMBOA","2017-04",15555,88788,43329,45459,3550,10089,25247,45561,4341
"261","DAMBOA","2017-05",14731,76709,31540,45169,6246,11459,17483,36867,4654
"262","DAMBOA","2017-06",14733,76734,30541,46193,4838,9753,19345,39083,3715
"263","DAMBOA","2017-09",14790,77251,30724,46527,5075,9652,18988,39581,3955
"264","DAMBOA","2017-11",20399,79809,32030,47779,6018,11387,21734,34822,5848
"265","DAMBOA","2018-01",5544,18906,8141,10765,1490,2469,6581,6395,1971
"266","DAMBOA","2018-04",5644,19260,8192,11068,1553,2549,6622,6651,1885
"267","DAMBOA","2018-06",5887,20115,8639,11476,1686,2755,6815,6939,1920
"268","DAMBOA","2018-07",5914,20292,8851,11441,877,3180,5072,10501,662
"269","DAMBOA","2018-10",5967,20554,8966,11588,964,3238,5105,10575,672
"270","DAMBOA","2018-11",6032,20788,9073,11715,991,3302,5184,10630,681
"271","DAMBOA","2019-05",8085,32369,15052,17317,1537,5454,10298,13810,1270
"272","DAMBOA","2019-07",8313,31566,14812,16754,1568,5424,9846,13630,1098
"273","DAMBOA","2019-08",8117,30714,12782,17932,1532,4497,8405,15130,1150
"274","DAMBOA","2019-11",7507,27879,12532,15347,1557,4732,7354,13404,832
"275","DAMBOA","2020-01",7536,28058,12609,15449,1588,4767,7410,13459,834
"276","DARAZO","2016-11",277,1829,877,952,64,182,462,1069,52
"277","DARAZO","2016-12",257,1709,854,855,63,183,434,986,43
"278","DARAZO","2017-02",276,1831,886,945,82,223,505,970,51
"279","DARAZO","2017-04",266,1700,808,892,59,198,402,990,51
"280","DARAZO","2017-05",265,1738,842,896,65,193,419,1010,51
"281","DARAZO","2017-06",265,1748,833,915,85,231,452,920,60
"282","DARAZO","2017-09",271,1779,853,926,84,235,460,939,61
"283","DARAZO","2017-11",271,1781,854,927,86,235,460,939,61
"284","DASS","2016-11",69,685,327,358,76,136,200,252,21
"285","DASS","2016-12",69,685,326,359,75,151,200,238,21
"286","DASS","2017-02",68,686,318,368,45,189,219,215,18
"287","DASS","2017-04",77,741,347,394,48,209,227,238,19
"288","DASS","2017-05",77,740,348,392,45,204,234,238,19
"289","DASS","2017-06",64,580,274,306,36,173,172,182,17
"290","DASS","2017-09",74,645,298,347,38,177,200,212,18
"291","DASS","2017-11",74,646,305,341,39,188,196,205,18
"292","DEMSA","2016-11",312,1872,862,1010,179,382,516,670,125
"293","DEMSA","2016-12",310,1860,966,894,265,405,534,568,88
"294","DEMSA","2017-02",696,4176,1914,2262,166,1145,1696,1023,146
"295","DEMSA","2017-04",704,4224,2252,1972,206,296,1316,2153,253
"296","DEMSA","2017-05",683,4100,2204,1896,319,791,1407,1268,315
"297","DEMSA","2017-06",668,4008,2064,1944,246,481,1846,1114,321
"298","DEMSA","2017-09",678,4068,1853,2215,372,913,1662,858,263
"299","DEMSA","2017-11",687,4122,1981,2141,214,655,1104,1804,345
"300","DIKWA","2016-10",7302,36509,16677,19832,1272,5221,15293,13843,880
"301","DIKWA","2016-11",13614,70791,32333,38458,3884,10523,24094,26990,5300
"302","DIKWA","2016-12",22732,116697,53012,63685,10373,21751,27656,36813,20104
"303","DIKWA","2017-02",13602,76712,35164,41548,4775,12411,23384,32575,3567
"304","DIKWA","2017-04",17768,97964,44998,52966,6270,16049,31817,40541,3287
"305","DIKWA","2017-05",18084,99829,45936,53893,7336,16104,33522,38798,4069
"306","DIKWA","2017-06",13632,74696,34427,40269,4816,12251,24505,30075,3049
"307","DIKWA","2017-09",12869,67071,30594,36477,4344,12435,21355,26584,2353
"308","DIKWA","2017-11",11320,59602,26777,32825,4731,9532,17874,23822,3643
"309","DIKWA","2018-01",9484,49455,22268,27187,3998,7951,14834,19749,2923
"310","DIKWA","2018-04",9750,50843,22733,28110,2723,8477,16274,21098,2271
"311","DIKWA","2018-06",12266,61271,27352,33919,3038,12295,18567,25222,2149
"312","DIKWA","2018-07",12939,64030,28677,35353,3804,12659,19286,26357,1924
"313","DIKWA","2018-10",13095,61459,27918,33541,4035,12163,18080,25228,1953
"314","DIKWA","2018-11",12904,60502,27622,32880,3443,12623,17796,24902,1738
"315","DIKWA","2019-05",12908,60748,28660,32088,2557,11809,20314,24023,2045
"316","DIKWA","2019-07",12908,60777,27567,33210,3038,12693,19451,23783,1812
"317","DIKWA","2019-08",12859,60733,28985,31748,4246,10861,19975,23356,2295
"318","DIKWA","2019-11",12874,60860,29402,31458,3438,10885,20011,24639,1887
"319","DIKWA","2020-01",12866,60842,28597,32245,3653,10954,20075,23753,2407
"320","DONGA","2015-03",245,1265,505,760,78,335,438,368,46
"321","DONGA","2015-06",330,1494,772,722,135,380,411,464,104
"322","DONGA","2015-07",109,579,250,329,40,110,153,201,75
"323","DONGA","2015-09",94,461,204,257,32,101,137,124,67
"324","DONGA","2015-11",86,385,206,179,44,83,94,143,21
"325","DONGA","2016-01",50,180,100,80,21,41,42,65,11
"326","DONGA","2016-11",547,2407,1042,1365,434,437,534,724,278
"327","DONGA","2016-12",540,2387,1034,1353,434,426,535,722,270
"328","DONGA","2017-02",553,2399,1046,1353,302,360,585,910,242
"329","DONGA","2017-04",534,2359,1025,1334,274,352,593,896,244
"330","DONGA","2017-05",558,2499,1104,1395,267,389,649,946,248
"331","DONGA","2017-06",549,2483,1100,1383,266,388,643,940,246
"332","DONGA","2017-09",543,2471,1096,1375,265,388,639,937,242
"333","DONGA","2017-11",503,2389,1046,1343,258,376,618,909,228
"334","DONGA","2018-06",290,1182,537,645,124,299,355,350,54
"335","DONGA","2018-07",181,730,325,405,53,182,246,210,39
"336","DONGA","2018-10",167,725,322,403,50,180,243,212,40
"337","DONGA","2018-11",121,446,194,252,37,136,134,112,27
"338","DONGA","2019-05",92,327,143,184,42,111,101,65,8
"339","DONGA","2019-07",118,385,174,211,47,119,121,85,13
"340","DUKKU","2016-11",157,881,406,475,31,121,303,405,21
"341","DUKKU","2016-12",87,434,210,224,22,64,110,205,33
"342","DUKKU","2017-02",139,746,387,359,38,135,223,323,27
"343","DUKKU","2017-04",150,887,444,443,24,85,323,423,32
"344","DUKKU","2017-05",135,727,384,343,22,124,185,360,36
"345","DUKKU","2017-06",181,961,510,451,27,137,312,455,30
"346","DUKKU","2017-09",186,986,517,469,35,197,281,442,31
"347","DUKKU","2017-11",192,1019,546,473,45,161,282,492,39
"348","FIKA","2016-11",713,5830,2482,3348,437,1080,1579,2224,510
"349","FIKA","2016-12",881,6018,2437,3581,345,944,1965,2345,419
"350","FIKA","2017-02",766,5036,2161,2875,482,740,1413,1970,431
"351","FIKA","2017-04",755,5145,2424,2721,541,803,1724,1487,590
"352","FIKA","2017-05",718,4953,2250,2703,521,800,1526,1585,521
"353","FIKA","2017-06",708,4809,2179,2630,526,788,1489,1483,523
"354","FIKA","2017-09",684,4370,2012,2358,501,661,1293,1428,487
"355","FIKA","2017-11",655,4281,1918,2363,263,772,1416,1613,217
"356","FUFORE","2015-01",208,962,464,498,0,342,276,324,20
"357","FUFORE","2015-06",241,1563,804,759,32,311,621,590,9
"358","FUFORE","2015-07",618,3619,1800,1819,79,261,1628,1445,206
"359","FUFORE","2015-09",444,2899,1332,1567,206,708,966,847,172
"360","FUFORE","2015-11",475,3678,1725,1953,66,259,1503,1820,30
"361","FUFORE","2016-01",605,4812,2198,2614,191,933,1561,1886,241
"362","FUFORE","2016-03",1067,4464,2117,2347,292,660,1656,1713,143
"363","FUFORE","2016-08",998,4362,2000,2362,249,990,1397,1646,80
"364","FUFORE","2016-10",905,3989,1851,2138,261,907,1289,1454,78
"365","FUFORE","2016-11",1037,5094,2288,2806,290,1105,1632,1999,68
"366","FUFORE","2016-12",1009,5034,2394,2640,378,996,1643,1949,68
"367","FUFORE","2017-02",1112,5431,2725,2706,267,1297,1605,2208,54
"368","FUFORE","2017-04",1245,5454,2898,2556,139,1067,2169,1942,137
"369","FUFORE","2017-05",1225,5359,2795,2564,140,1097,2178,1808,136
"370","FUFORE","2017-06",1225,5361,2806,2555,154,1020,2219,1832,136
"371","FUFORE","2017-09",1214,5332,2821,2511,178,1035,2116,1868,135
"372","FUFORE","2017-11",1215,5277,2697,2580,118,1069,2044,1924,122
"373","FUFORE","2018-01",925,4025,2068,1957,85,784,1633,1406,117
"374","FUFORE","2018-04",929,4168,2138,2030,127,804,1653,1447,137
"375","FUFORE","2018-06",933,4183,2128,2055,130,787,1656,1470,140
"376","FUFORE","2018-07",775,3930,2058,1872,113,526,1664,1487,140
"377","FUFORE","2018-10",775,3936,2062,1874,119,526,1664,1487,140
"378","FUFORE","2018-11",777,3959,2072,1887,131,531,1330,1827,140
"379","FUFORE","2019-05",715,3551,1908,1643,107,434,1127,1751,132
"380","FUFORE","2019-07",723,4253,2123,2130,223,850,1562,1486,132
"381","FUFORE","2019-08",723,4267,2133,2134,232,855,1562,1486,132
"382","FUFORE","2019-11",789,4745,2315,2430,237,870,2016,1490,132
"383","FUFORE","2020-01",789,4753,2369,2384,243,873,1842,1663,132
"384","FUNAKAYE","2016-11",890,4807,2434,2373,703,1107,1272,1337,388
"385","FUNAKAYE","2016-12",890,4807,2434,2373,703,1107,1272,1337,388
"386","FUNAKAYE","2017-02",644,3568,1745,1823,487,757,950,1070,304
"387","FUNAKAYE","2017-04",824,4560,2243,2317,574,1060,1249,1371,306
"388","FUNAKAYE","2017-05",748,4516,2213,2303,565,923,1342,1378,308
"389","FUNAKAYE","2017-06",536,3759,1878,1881,620,619,1135,1144,241
"390","FUNAKAYE","2017-09",441,3154,1579,1575,482,628,854,937,253
"391","FUNAKAYE","2017-11",467,3592,1734,1858,340,634,1276,1072,270
"392","FUNE","2016-11",643,4814,2206,2608,238,736,1459,2059,322
"393","FUNE","2016-12",650,4880,2333,2547,288,805,1381,2130,276
"394","FUNE","2017-02",579,4345,1958,2387,236,592,1384,1999,134
"395","FUNE","2017-04",516,3896,1657,2239,387,747,1125,1497,140
"396","FUNE","2017-05",479,3597,1654,1943,170,548,1137,1601,141
"397","FUNE","2017-06",476,3569,1729,1840,155,504,1100,1709,101
"398","FUNE","2017-09",467,3503,1696,1807,140,475,1105,1687,96
"399","FUNE","2017-11",466,3455,1672,1783,142,471,1117,1629,96
"400","FUNE","2018-04",83,406,197,209,16,75,117,179,19
"401","FUNE","2018-06",85,433,178,255,41,78,128,171,15
"402","FUNE","2018-07",85,469,223,246,8,93,169,182,17
"403","FUNE","2018-10",100,513,246,267,9,98,173,217,16
"404","FUNE","2018-11",134,697,336,361,12,96,248,324,17
"405","FUNE","2019-07",92,544,260,284,11,68,245,202,18
"406","FUNE","2019-08",93,545,261,284,8,75,242,204,16
"407","FUNE","2019-11",95,548,259,289,10,69,252,198,19
"408","FUNE","2020-01",98,551,264,287,10,70,257,195,19
"409","GAMAWA","2016-11",280,1609,680,929,153,411,415,526,104
"410","GAMAWA","2016-12",278,1609,685,924,143,414,394,546,112
"411","GAMAWA","2017-02",278,1599,802,797,114,274,509,661,41
"412","GAMAWA","2017-04",274,1569,766,803,106,296,495,623,49
"413","GAMAWA","2017-05",274,1569,783,786,120,265,496,647,41
"414","GAMAWA","2017-06",268,1529,765,764,111,257,493,621,47
"415","GAMAWA","2017-09",262,1520,750,770,108,280,394,649,89
"416","GAMAWA","2017-11",268,1554,759,795,119,283,495,595,62
"417","GANAYE","2015-01",58,350,150,200,10,62,94,182,2
"418","GANJUWA","2016-11",214,1299,662,637,120,255,453,379,92
"419","GANJUWA","2016-12",214,1299,655,644,123,272,480,342,82
"420","GANJUWA","2017-02",166,1040,520,520,69,217,379,301,74
"421","GANJUWA","2017-04",138,854,428,426,33,188,340,239,54
"422","GANJUWA","2017-05",138,854,428,426,33,182,340,245,54
"423","GANJUWA","2017-06",142,854,429,425,33,188,334,246,53
"424","GANJUWA","2017-09",143,863,429,434,33,186,338,253,53
"425","GANJUWA","2017-11",146,952,477,475,35,210,386,273,48
"426","GANYE","2015-03",58,350,152,198,7,27,122,164,30
"427","GANYE","2016-11",60,478,220,258,73,120,113,125,47
"428","GANYE","2016-12",60,434,203,231,70,90,114,101,59
"429","GANYE","2017-02",72,450,197,253,68,110,117,117,38
"430","GANYE","2017-04",72,450,231,219,79,100,103,103,65
"431","GANYE","2017-05",76,485,238,247,74,99,118,126,68
"432","GANYE","2017-06",76,488,228,260,74,108,119,128,59
"433","GANYE","2017-09",82,542,256,286,62,102,142,178,58
"434","GANYE","2017-11",98,683,338,345,72,123,188,213,87
"435","GASHAKA","2016-11",135,616,326,290,56,135,158,234,33
"436","GASHAKA","2016-12",148,649,320,329,49,150,196,226,28
"437","GASHAKA","2017-02",132,601,289,312,29,129,160,252,31
"438","GASHAKA","2017-04",131,591,292,299,43,123,148,171,106
"439","GASHAKA","2017-05",128,559,269,290,51,96,146,234,32
"440","GASHAKA","2017-06",151,645,308,337,48,107,188,275,27
"441","GASHAKA","2017-09",154,666,326,340,58,124,167,293,24
"442","GASHAKA","2017-11",173,739,338,401,55,130,209,320,25
"443","GASSOL","2015-03",74,648,257,391,61,137,160,205,85
"444","GASSOL","2015-06",53,412,196,216,7,56,62,282,5
"445","GASSOL","2015-07",58,342,107,235,27,80,118,108,9
"446","GASSOL","2015-09",51,320,141,179,12,28,103,172,5
"447","GASSOL","2015-11",41,262,139,123,54,11,29,105,63
"448","GASSOL","2016-01",57,392,194,198,29,79,109,141,34
"449","GASSOL","2016-03",43,287,135,152,8,32,88,123,36
"450","GASSOL","2016-08",53,324,127,197,26,56,82,125,35
"451","GASSOL","2016-10",53,416,189,227,39,68,92,173,44
"452","GASSOL","2016-11",1256,6120,2759,3361,195,527,2045,2981,372
"453","GASSOL","2016-12",1252,6102,2753,3349,193,524,2044,2970,371
"454","GASSOL","2017-02",1451,6829,3270,3559,281,746,2144,3370,288
"455","GASSOL","2017-04",1405,6601,2812,3789,486,1062,1919,2792,342
"456","GASSOL","2017-05",1444,6759,2861,3898,526,1137,1895,2746,455
"457","GASSOL","2017-06",1616,7263,2941,4322,573,1186,1982,2944,578
"458","GASSOL","2017-09",1620,7282,2984,4298,590,1223,2004,2866,599
"459","GASSOL","2017-11",1632,7355,3194,4161,500,1159,2170,2953,573
"460","GASSOL","2018-01",67,516,222,294,30,46,157,239,44
"461","GASSOL","2018-04",60,743,350,393,58,100,261,278,46
"462","GASSOL","2018-06",60,743,350,393,58,100,261,278,46
"463","GASSOL","2018-07",60,743,350,393,58,100,261,278,46
"464","GASSOL","2018-10",60,743,350,393,58,100,261,278,46
"465","GASSOL","2018-11",60,752,351,401,61,102,263,281,45
"466","GASSOL","2019-05",62,758,356,402,61,102,334,210,51
"467","GASSOL","2019-07",62,758,356,402,61,102,334,210,51
"468","GASSOL","2019-08",62,758,335,423,48,90,203,380,37
"469","GASSOL","2019-11",62,758,335,423,48,90,203,380,37
"470","GASSOL","2020-01",62,758,335,423,48,90,203,380,37
"471","GEIDAM","2016-11",977,6352,2422,3930,1035,1172,1920,1537,688
"472","GEIDAM","2016-12",1019,6625,2539,4086,934,1092,2562,1490,547
"473","GEIDAM","2017-02",963,6258,2180,4078,779,1199,2134,1702,444
"474","GEIDAM","2017-04",915,5946,2029,3917,667,1238,2055,1638,348
"475","GEIDAM","2017-05",883,5739,1943,3796,571,1234,2013,1581,340
"476","GEIDAM","2017-06",869,5648,2170,3478,355,764,2203,2001,325
"477","GEIDAM","2017-09",831,5406,2105,3301,346,786,2020,1903,351
"478","GEIDAM","2017-11",769,4999,1931,3068,350,747,1957,1655,290
"479","GEIDAM","2019-08",42,273,117,156,31,40,113,77,12
"480","GIADE","2016-11",161,996,513,483,35,196,359,354,52
"481","GIADE","2016-12",161,996,513,483,35,196,359,354,52
"482","GIADE","2017-02",164,1007,507,500,53,174,338,405,37
"483","GIADE","2017-04",163,1001,505,496,44,184,334,409,30
"484","GIADE","2017-05",159,965,483,482,44,181,325,385,30
"485","GIADE","2017-06",152,919,458,461,46,180,315,350,28
"486","GIADE","2017-09",145,858,424,434,41,169,289,332,27
"487","GIADE","2017-11",172,1045,509,536,64,225,346,370,40
"488","GIREI","2015-03",1835,10752,4412,6340,119,1962,3264,4202,1205
"489","GIREI","2015-06",990,2321,865,1456,45,1119,738,337,82
"490","GIREI","2015-07",329,1852,708,1144,17,612,404,812,7
"491","GIREI","2015-09",330,2265,1165,1100,263,210,862,898,32
"492","GIREI","2015-11",299,1898,993,905,91,287,682,806,32
"493","GIREI","2016-01",289,1563,752,811,86,555,239,666,17
"494","GIREI","2016-03",612,1946,933,1013,22,317,785,765,57
"495","GIREI","2016-08",208,3609,1417,2192,94,594,1034,1579,308
"496","GIREI","2016-10",679,3415,1613,1802,377,493,1208,987,350
"497","GIREI","2016-11",5761,22362,10137,12225,291,3823,7929,9828,491
"498","GIREI","2016-12",5249,21069,9858,11211,333,3520,7365,9411,440
"499","GIREI","2017-02",4653,18122,8315,9807,484,3686,6859,6790,303
"500","GIREI","2017-04",4481,17551,8058,9493,438,3505,6621,6695,292
"501","GIREI","2017-05",4238,16041,7182,8859,401,3228,5923,6273,216
"502","GIREI","2017-06",4177,15888,7120,8768,388,3202,5809,6261,228
"503","GIREI","2017-09",3996,15375,6915,8460,358,3082,5533,6174,228
"504","GIREI","2017-11",4025,15522,6960,8562,355,3013,5533,6388,233
"505","GIREI","2018-01",494,2013,840,1173,95,331,617,883,87
"506","GIREI","2018-04",552,2713,1404,1309,99,432,1204,900,78
"507","GIREI","2018-06",558,2584,1303,1281,121,441,1031,913,78
"508","GIREI","2018-07",570,2776,1445,1331,139,447,1208,883,99
"509","GIREI","2018-10",576,2829,1480,1349,124,473,1184,972,76
"510","GIREI","2018-11",580,2895,1527,1368,135,486,1207,990,77
"511","GIREI","2019-05",584,2913,1536,1377,188,487,1265,862,111
"512","GIREI","2019-07",678,3304,1672,1632,232,578,1490,868,136
"513","GIREI","2019-08",684,3302,1672,1630,233,576,1494,866,133
"514","GIREI","2019-11",684,3304,1673,1631,233,576,1494,868,133
"515","GIREI","2020-01",684,3304,1675,1629,236,581,1485,872,130
"516","GIRERI","2015-01",2003,13311,6311,7000,694,1927,4080,6503,107
"517","GIRERI","2015-03",220,1216,485,731,42,153,286,674,61
"518","GOMBE","2016-11",1059,6170,3105,3065,107,2319,1905,1761,78
"519","GOMBE","2016-12",1061,6171,3106,3065,320,1307,1881,2387,276
"520","GOMBE","2017-02",1089,6138,3098,3040,164,2338,1662,1893,81
"521","GOMBE","2017-04",1092,6184,3133,3051,185,2107,1728,2083,81
"522","GOMBE","2017-05",1081,6348,3163,3185,191,1727,1875,2476,79
"523","GOMBE","2017-06",1115,6343,3128,3215,198,1797,1887,2381,80
"524","GOMBE","2017-09",1138,6806,3330,3476,236,1817,1884,2790,79
"525","GOMBE","2017-11",1149,7064,3464,3600,206,1850,2280,2642,86
"526","GOMBI","2016-11",331,2841,1297,1544,229,419,728,1127,338
"527","GOMBI","2016-12",299,2602,1241,1361,205,439,685,900,373
"528","GOMBI","2017-02",308,2413,1083,1330,222,414,698,774,305
"529","GOMBI","2017-04",296,2296,1008,1288,228,400,649,724,295
"530","GOMBI","2017-05",257,2157,947,1210,204,387,596,681,289
"531","GOMBI","2017-06",245,2015,894,1121,201,371,533,639,271
"532","GOMBI","2017-09",311,2251,994,1257,232,397,666,652,304
"533","GOMBI","2017-11",305,2234,985,1249,229,394,655,661,295
"534","GUBIO","2016-11",1064,5650,2485,3165,201,1306,1665,2103,375
"535","GUBIO","2016-12",1075,5690,2785,2905,341,1530,1366,2104,349
"536","GUBIO","2017-02",1119,6030,3720,2310,117,267,2597,2892,157
"537","GUBIO","2017-04",1130,6100,2852,3248,400,1090,2080,2390,140
"538","GUBIO","2017-05",1100,5918,2785,3133,380,1074,1975,2352,137
"539","GUBIO","2017-06",1018,5408,2531,2877,204,1159,1973,1910,162
"540","GUBIO","2017-09",948,4975,2533,2442,428,946,1654,1578,369
"541","GUBIO","2017-11",940,4956,2298,2658,339,1048,1515,1894,160
"542","GUJBA","2016-11",1950,12678,4861,7817,2064,2513,3273,3472,1356
"543","GUJBA","2016-12",1959,12740,4946,7794,1675,2592,3630,3456,1387
"544","GUJBA","2017-02",3208,20864,8523,12341,1794,3391,7360,7187,1132
"545","GUJBA","2017-04",2907,18905,7530,11375,2544,3517,5067,5194,2583
"546","GUJBA","2017-05",2922,18995,7575,11420,2552,3530,5088,5233,2592
"547","GUJBA","2017-06",2897,18832,7500,11332,2549,3503,5072,5268,2440
"548","GUJBA","2017-09",3050,19830,7973,11857,2625,3947,5289,5563,2406
"549","GUJBA","2017-11",3207,20849,8430,12419,2926,4115,5611,5534,2663
"550","GUJBA","2018-07",304,2408,1028,1380,181,435,923,771,98
"551","GUJBA","2018-10",304,2408,1049,1359,222,696,668,598,224
"552","GUJBA","2018-11",239,1961,863,1098,194,535,559,491,182
"553","GUJBA","2019-05",239,1673,740,933,194,322,526,449,182
"554","GUJBA","2019-07",275,1925,845,1080,219,392,621,496,197
"555","GUJBA","2019-08",270,1894,806,1088,252,403,675,375,189
"556","GUJBA","2019-11",270,1890,845,1045,223,358,611,498,200
"557","GUJBA","2020-01",270,1890,845,1045,223,358,611,498,200
"558","GULANI","2016-11",519,3374,1328,2046,386,381,431,1992,184
"559","GULANI","2016-12",490,3187,1277,1910,318,373,412,1900,184
"560","GULANI","2017-02",503,3268,1294,1974,271,314,368,2190,125
"561","GULANI","2017-04",434,2823,1121,1702,259,375,418,1693,78
"562","GULANI","2017-05",396,2598,1041,1557,259,353,412,1505,69
"563","GULANI","2017-06",379,2464,990,1474,257,351,414,1373,69
"564","GULANI","2017-09",334,2173,870,1303,250,309,349,1204,61
"565","GULANI","2017-11",360,2342,907,1435,273,351,396,1263,59
"566","GUYUK","2016-11",53,253,94,159,0,52,74,127,0
"567","GUYUK","2016-12",53,253,112,141,25,44,49,135,0
"568","GUYUK","2017-02",53,253,112,141,25,44,49,135,0
"569","GUYUK","2017-04",52,251,110,141,25,44,49,133,0
"570","GUYUK","2017-05",52,251,110,141,24,44,50,133,0
"571","GUYUK","2017-06",52,251,110,141,25,44,49,133,0
"572","GUYUK","2017-09",50,243,96,147,17,40,52,134,0
"573","GUYUK","2017-11",49,238,97,141,20,40,45,133,0
"574","GUZAMALA","2017-06",120,612,273,339,56,132,176,210,38
"575","GUZAMALA","2017-09",120,612,273,339,56,132,176,210,38
"576","GUZAMALA","2017-11",218,1159,541,618,99,210,337,441,72
"577","GWAGWALADA","2015-07",7,45,24,21,6,11,12,16,0
"578","GWAGWALADA","2015-09",7,42,24,18,5,6,10,21,0
"579","GWAGWALADA","2015-11",7,45,22,23,5,12,14,14,0
"580","GWAGWALADA","2016-01",9,41,17,24,5,7,5,15,9
"581","GWAGWALADA","2016-03",5,27,12,15,2,7,9,8,1
"582","GWOZA","2016-08",160,690,322,368,136,127,119,255,53
"583","GWOZA","2016-10",238,1387,605,782,70,299,529,436,53
"584","GWOZA","2016-11",5729,40517,16083,24434,6621,8425,10521,11665,3285
"585","GWOZA","2016-12",9420,50449,22046,28403,3333,12987,16652,15788,1689
"586","GWOZA","2017-02",10211,56481,24277,32204,3254,9310,20334,21485,2098
"587","GWOZA","2017-04",10570,62555,24827,37728,4107,8667,24367,22609,2805
"588","GWOZA","2017-05",11703,68654,29701,38953,5467,11832,23445,24380,3530
"589","GWOZA","2017-06",12758,72764,31308,41456,5864,12502,25743,25764,2891
"590","GWOZA","2017-09",13105,75639,30107,45532,6857,13077,26759,24812,4134
"591","GWOZA","2017-11",14198,81426,33123,48303,7552,13306,24644,31486,4438
"592","GWOZA","2018-01",4331,22828,10147,12681,1457,4997,8160,7330,884
"593","GWOZA","2018-04",4632,25372,9996,15376,1669,5158,8883,8582,1080
"594","GWOZA","2018-06",6099,29450,12824,16626,2001,6081,8772,11396,1200
"595","GWOZA","2018-07",6391,31057,13739,17318,1655,6010,9846,12717,829
"596","GWOZA","2018-10",7889,35800,16102,19698,1822,7546,10942,14513,977
"597","GWOZA","2018-11",9262,40386,17907,22479,2317,8235,12365,16310,1159
"598","GWOZA","2019-05",11220,46591,20532,26059,2681,9213,14967,18442,1288
"599","GWOZA","2019-07",10870,47175,21231,25944,3134,9131,14981,18615,1314
"600","GWOZA","2019-08",12462,49687,22341,27346,3612,9382,14780,20061,1852
"601","GWOZA","2019-11",12532,49953,22552,27401,3376,10877,17250,16334,2116
"602","GWOZA","2020-01",12595,50240,22664,27576,3504,10928,17312,16373,2123
"603","HAWUL","2016-11",4330,30147,13907,16240,2266,5074,9370,12967,470
"604","HAWUL","2016-12",4182,29111,13393,15718,2153,4762,9155,12571,470
"605","HAWUL","2017-02",4093,28673,13196,15477,2096,4660,9067,12386,464
"606","HAWUL","2017-04",3964,27813,12776,15037,1917,4366,8848,12225,457
"607","HAWUL","2017-05",4052,28349,13016,15333,2002,4537,9042,12311,457
"608","HAWUL","2017-06",3896,25813,12354,13459,1921,4152,7812,11509,419
"609","HAWUL","2017-09",3898,25826,12366,13460,1923,4156,7773,11554,420
"610","HAWUL","2017-11",3988,26219,12514,13705,2056,4541,8023,11141,458
"611","HONG","2016-11",615,3912,1539,2373,519,734,830,1152,677
"612","HONG","2016-12",598,3852,1668,2184,639,651,681,1017,864
"613","HONG","2017-02",584,3774,1677,2097,419,616,822,1254,663
"614","HONG","2017-04",564,3659,1506,2153,450,725,795,877,812
"615","HONG","2017-05",488,3110,1367,1743,311,735,803,836,425
"616","HONG","2017-06",470,2947,1277,1670,293,694,711,841,408
"617","HONG","2017-09",581,3710,1581,2129,387,737,969,1096,521
"618","HONG","2017-11",569,3622,1535,2087,373,722,949,1072,506
"619","IBI","2016-11",572,4124,1829,2295,173,526,1257,1773,395
"620","IBI","2016-12",581,4127,1895,2232,148,379,1285,2094,221
"621","IBI","2017-02",596,4179,1929,2250,153,396,1311,2098,221
"622","IBI","2017-04",601,4174,1944,2230,150,398,1235,2169,222
"623","IBI","2017-05",540,3969,1850,2119,155,391,1240,1963,220
"624","IBI","2017-06",528,3936,1884,2052,148,411,1190,1967,220
"625","IBI","2017-09",519,3919,1867,2052,148,411,1186,1955,219
"626","IBI","2017-11",510,3765,1786,1979,148,411,1175,1811,220
"627","IGABI","2016-08",1,62,34,28,0,13,49,0,0
"628","ITAS/GADAU","2016-11",293,1509,743,766,147,288,469,530,75
"629","ITAS/GADAU","2016-12",291,1456,718,738,154,248,473,475,106
"630","ITAS/GADAU","2017-02",266,1286,629,657,110,195,450,456,75
"631","ITAS/GADAU","2017-04",327,1456,730,726,114,262,517,484,79
"632","ITAS/GADAU","2017-05",315,1411,699,712,113,257,500,462,79
"633","ITAS/GADAU","2017-06",314,1405,695,710,113,256,498,459,79
"634","ITAS/GADAU","2017-09",222,981,470,511,81,150,413,275,62
"635","ITAS/GADAU","2017-11",196,873,390,483,50,238,296,252,37
"636","JADA","2016-11",121,762,363,399,48,91,408,201,14
"637","JADA","2016-12",121,749,377,372,51,95,371,220,12
"638","JADA","2017-02",104,624,283,341,35,110,181,214,84
"639","JADA","2017-04",93,546,231,315,53,119,151,157,66
"640","JADA","2017-05",82,492,208,284,41,106,134,152,59
"641","JADA","2017-06",78,468,212,256,39,106,132,164,27
"642","JADA","2017-09",76,456,203,253,20,102,148,172,14
"643","JADA","2017-11",74,444,206,238,22,112,127,167,16
"644","JAKUSKO","2016-11",199,1433,607,826,114,240,361,676,42
"645","JAKUSKO","2016-12",195,1403,578,825,133,222,343,653,52
"646","JAKUSKO","2017-02",195,1418,593,825,128,232,350,655,53
"647","JAKUSKO","2017-04",191,1387,585,802,116,236,343,640,52
"648","JAKUSKO","2017-05",191,1387,584,803,115,236,343,641,52
"649","JAKUSKO","2017-06",185,1340,566,774,108,228,333,623,48
"650","JAKUSKO","2017-09",183,1323,559,764,107,225,326,617,48
"651","JAKUSKO","2017-11",176,1274,536,738,105,216,308,600,45
"652","JALINGO","2015-03",316,1595,733,862,309,513,321,336,116
"653","JALINGO","2015-06",94,481,194,287,42,64,108,227,40
"654","JALINGO","2015-07",171,881,413,468,36,306,255,232,52
"655","JALINGO","2015-09",185,1085,512,573,46,296,290,311,142
"656","JALINGO","2015-11",210,1036,427,609,25,158,170,583,100
"657","JALINGO","2016-01",240,1234,576,658,72,161,287,513,201
"658","JALINGO","2016-03",209,1890,899,991,44,177,523,739,407
"659","JALINGO","2016-08",230,1975,958,1017,150,660,615,489,61
"660","JALINGO","2016-10",250,2038,959,1079,106,423,644,655,210
"661","JALINGO","2016-11",1764,9688,4027,5661,1242,2452,3062,2285,647
"662","JALINGO","2016-12",1641,9032,3453,5579,858,1269,4009,2466,430
"663","JALINGO","2017-02",1946,10786,4586,6200,894,1533,4005,3652,702
"664","JALINGO","2017-04",1556,8585,3519,5066,684,1791,2633,2876,601
"665","JALINGO","2017-05",1458,8256,3452,4804,462,1193,2399,3749,453
"666","JALINGO","2017-06",1390,7915,3500,4415,372,1955,3469,1949,170
"667","JALINGO","2017-09",1419,8105,3780,4325,336,1480,3047,3037,205
"668","JALINGO","2017-11",1375,7827,3299,4528,288,1242,3525,2532,240
"669","JALINGO","2018-01",397,2766,1171,1595,66,709,1235,711,45
"670","JALINGO","2018-04",349,2134,923,1211,80,335,1180,480,59
"671","JALINGO","2018-06",362,2210,1040,1170,95,265,1305,515,30
"672","JALINGO","2018-07",235,1285,561,724,55,240,630,345,15
"673","JALINGO","2018-10",3157,15333,7230,8103,265,1880,9685,3429,74
"674","JALINGO","2018-11",900,4906,2320,2586,102,382,3301,1091,30
"675","JALINGO","2019-05",2245,11406,5280,6126,175,952,9114,1110,55
"676","JALINGO","2019-07",4634,23170,10726,12444,244,1918,17538,3356,114
"677","JALINGO","2019-08",4438,21642,10146,11496,1081,4327,6708,8877,649
"678","JALINGO","2019-11",4938,24700,12090,12610,1232,4940,7655,10130,743
"679","JALINGO","2020-01",4885,24425,11352,13073,1232,4696,7830,9940,727
"680","JAMA'ARE","2016-11",122,785,362,423,35,134,281,292,43
"681","JAMA'ARE","2016-12",119,775,355,420,35,144,275,296,25
"682","JAMA'ARE","2017-02",141,882,425,457,37,183,314,309,39
"683","JAMA'ARE","2017-04",137,877,424,453,33,182,311,314,37
"684","JAMA'ARE","2017-05",137,877,425,452,33,182,311,314,37
"685","JAMA'ARE","2017-06",137,871,424,447,33,182,309,310,37
"686","JAMA'ARE","2017-09",126,789,379,410,29,174,271,277,38
"687","JAMA'ARE","2017-11",99,599,293,306,24,136,201,209,29
"688","JAMA'ARE","2018-11",6,38,15,23,0,11,13,13,1
"689","JAMA'ARE","2019-05",6,36,13,23,0,8,16,11,1
"690","JAMA'ARE","2019-07",6,36,13,23,0,8,16,11,1
"691","JAMA'ARE","2019-08",9,47,19,28,1,10,18,17,1
"692","JAMA'ARE","2019-11",9,47,19,28,1,10,18,17,1
"693","JAMA'ARE","2020-01",9,47,19,28,1,10,18,17,1
"694","JERE","2015-01",1270,13032,6061,6971,589,1530,2970,7668,275
"695","JERE","2015-03",1294,10435,5252,5183,376,1174,1136,7015,734
"696","JERE","2015-06",2811,11362,3852,7510,551,1417,2405,5442,1547
"697","JERE","2015-07",2667,20032,9319,10713,581,2379,8409,8168,495
"698","JERE","2015-09",2482,19739,8817,10922,930,2114,8507,7127,1061
"699","JERE","2015-11",2600,15988,6882,9106,942,2787,4726,5813,1720
"700","JERE","2016-01",2136,13505,6436,7069,951,2926,3040,4774,1814
"701","JERE","2016-03",2414,16571,7629,8942,1685,3689,4125,4923,2149
"702","JERE","2016-08",6840,42240,18200,24040,2938,7553,14067,15667,2015
"703","JERE","2016-10",7723,45924,19838,26086,3017,7749,16613,16769,1776
"704","JERE","2016-11",56784,337357,146337,191020,24634,73456,109363,117074,12830
"705","JERE","2016-12",54941,335765,148491,187274,21174,71085,110461,116076,16969
"706","JERE","2017-02",50950,306568,136073,170495,23421,62293,96718,107069,17067
"707","JERE","2017-04",53084,306377,135964,170413,23339,59845,94820,113844,14529
"708","JERE","2017-05",47481,273399,119658,153741,19607,55139,84706,97854,16093
"709","JERE","2017-06",46940,268239,117993,150246,15905,50122,82388,103520,16304
"710","JERE","2017-09",44645,253532,113517,140015,14590,50961,76798,95922,15261
"711","JERE","2017-11",44736,250819,113414,137405,15073,49257,75084,96082,15323
"712","JERE","2018-01",20093,108566,47954,60612,5616,22414,31821,43461,5254
"713","JERE","2018-04",22145,120589,51970,68619,7201,27678,32598,48078,5034
"714","JERE","2018-06",22417,121639,54114,67525,5311,22606,37184,52126,4412
"715","JERE","2018-07",21799,117908,53043,64865,5162,21303,35446,51602,4395
"716","JERE","2018-10",22822,125963,56908,69055,5349,23628,38759,54318,3909
"717","JERE","2018-11",23520,129935,57317,72618,6324,25697,40403,53092,4419
"718","JERE","2019-05",24391,136610,61779,74831,6130,23368,46538,57384,3190
"719","JERE","2019-07",25792,142662,65158,77504,5769,20498,52309,59073,5013
"720","JERE","2019-08",27159,142522,64354,78168,6355,24696,47522,60202,3747
"721","JERE","2019-11",27173,144922,65194,79728,6959,25201,48394,60365,4003
"722","JERE","2020-01",27670,147633,66392,81241,7056,25227,49037,62200,4113
"723","JOS NORTH","2015-09",31,248,112,136,0,3,233,12,0
"724","JOS NORTH","2015-11",1,282,138,144,0,21,246,13,2
"725","JOS NORTH","2016-01",1,200,94,106,0,18,173,7,2
"726","JOS NORTH","2016-03",1,109,50,59,0,21,88,0,0
"727","JOS NORTH","2016-08",40,324,136,188,20,90,144,55,15
"728","JOS SOUTH","2015-09",154,756,335,421,45,172,284,245,10
"729","JOS SOUTH","2015-11",154,646,277,369,69,128,201,237,11
"730","JOS SOUTH","2016-01",114,536,242,294,43,118,183,181,11
"731","JOS SOUTH","2016-03",105,573,284,289,15,146,214,181,17
"732","JOS SOUTH","2016-08",60,433,228,205,10,77,216,125,5
"733","KAGA","2016-01",705,4000,1797,2203,111,673,1685,1476,55
"734","KAGA","2016-03",962,5772,2611,3161,224,677,2027,2652,192
"735","KAGA","2016-08",986,4929,2135,2794,550,1381,884,1863,251
"736","KAGA","2016-10",1376,6881,3193,3688,665,1700,1722,2503,291
"737","KAGA","2016-11",3067,15335,6781,8554,1662,2999,3548,5609,1517
"738","KAGA","2016-12",3860,19308,7529,11779,2602,4561,3680,7011,1454
"739","KAGA","2017-02",3804,19024,7808,11216,1317,4016,6214,6716,761
"740","KAGA","2017-04",3914,19575,8909,10666,1883,3518,5583,7680,911
"741","KAGA","2017-05",3924,19653,8220,11433,1648,3502,5747,7973,783
"742","KAGA","2017-06",3918,19589,9364,10225,1483,3191,6509,7650,756
"743","KAGA","2017-09",3902,19510,9270,10240,1544,3336,6261,7559,810
"744","KAGA","2017-11",3609,18967,7948,11019,837,3606,4918,9023,583
"745","KAGA","2018-01",2116,12709,5536,7173,490,2669,4068,5126,356
"746","KAGA","2018-04",2130,12841,5406,7435,948,1450,5407,4377,659
"747","KAGA","2018-06",2129,12848,5393,7455,959,1408,5446,4387,648
"748","KAGA","2018-07",2135,12869,5842,7027,942,1422,5028,4982,495
"749","KAGA","2018-10",2136,12876,5667,7209,947,1424,5027,4984,494
"750","KAGA","2018-11",2136,12916,5869,7047,983,1438,5028,4982,485
"751","KAGA","2019-05",2138,12940,5800,7140,994,1443,5032,4986,485
"752","KAGA","2019-07",2138,12944,5803,7141,999,1443,5032,4986,484
"753","KAGA","2019-08",2140,12975,5736,7239,1003,1657,4912,4918,485
"754","KAGA","2019-11",2140,12979,5737,7242,1008,1659,4911,4916,485
"755","KAGA","2020-01",2140,12979,5737,7242,1008,1659,4911,4916,485
"756","KAGARKO","2015-09",1229,8435,3913,4522,356,1215,2003,4494,367
"757","KAGARKO","2015-11",281,2062,982,1080,116,405,529,901,111
"758","KAGARKO","2016-01",350,2643,1234,1409,129,491,595,1339,89
"759","KAGARKO","2016-03",246,1898,923,975,66,394,520,827,91
"760","KAGARKO","2016-08",243,1887,923,964,67,421,507,865,27
"761","KALA BALGE","2016-12",7059,35295,15693,19602,2656,7361,9682,11534,4062
"762","KALA BALGE","2017-02",5500,34968,15625,19343,1439,7630,10880,12978,2041
"763","KALA BALGE","2017-04",6644,43734,19677,24057,3062,9621,16619,12246,2186
"764","KALA BALGE","2017-05",8162,48974,24420,24554,5387,9306,12244,18610,3427
"765","KALA BALGE","2017-06",8317,49469,22607,26862,4947,8410,13851,18798,3463
"766","KALA BALGE","2017-09",8452,49913,22801,27112,4991,8485,13976,18967,3494
"767","KALA BALGE","2017-11",8471,49976,22626,27350,4997,8499,13992,18989,3499
"768","KALA BALGE","2018-01",9698,55597,26435,29162,6116,9451,15567,21127,3336
"769","KALA BALGE","2018-04",9427,55973,27062,28911,5409,10497,21306,12952,5809
"770","KALA BALGE","2018-06",9463,56172,27237,28935,4957,10566,20538,14919,5192
"771","KALA BALGE","2018-07",9944,60563,28203,32360,4497,11022,18911,23952,2181
"772","KALA BALGE","2018-10",9660,57115,27301,29814,5412,10712,21692,13235,6064
"773","KALA BALGE","2019-08",10878,40519,18148,22371,2711,7578,11636,16684,1910
"774","KALA BALGE","2019-11",10819,40118,18679,21439,2639,6021,11571,17981,1906
"775","KALA BALGE","2020-01",10625,39856,17937,21919,2789,4383,14346,16739,1599
"776","KALTUNGO","2016-11",134,989,508,481,75,203,323,386,2
"777","KALTUNGO","2016-12",134,999,508,491,75,204,327,391,2
"778","KALTUNGO","2017-02",123,920,476,444,75,188,296,359,2
"779","KALTUNGO","2017-04",123,955,488,467,75,193,301,384,2
"780","KALTUNGO","2017-05",117,924,479,445,74,193,287,368,2
"781","KALTUNGO","2017-06",127,993,509,484,78,201,306,406,2
"782","KALTUNGO","2017-09",140,1065,547,518,78,213,335,437,2
"783","KALTUNGO","2017-11",143,1078,552,526,75,220,338,443,2
"784","KARASAWA","2016-11",721,5931,2290,3641,511,626,867,3327,600
"785","KARASAWA","2016-12",712,5325,2366,2959,517,719,1117,2305,667
"786","KARASAWA","2017-02",690,5857,2531,3326,761,993,1287,1968,848
"787","KARASAWA","2017-04",651,4930,1937,2993,357,493,1154,2384,542
"788","KARASAWA","2017-05",638,4817,1891,2926,329,506,1096,2292,594
"789","KARASAWA","2017-06",608,4887,1842,3045,379,537,1070,2353,548
"790","KARASAWA","2017-09",576,4381,1653,2728,348,522,1104,1973,434
"791","KARASAWA","2017-11",605,5793,2094,3699,500,718,1134,3066,375
"792","KARIM-LAMIDO","2016-11",54,249,122,127,11,37,59,133,9
"793","KARIM-LAMIDO","2016-12",54,249,122,127,11,37,59,133,9
"794","KARIM-LAMIDO","2017-02",56,259,128,131,11,35,69,137,7
"795","KARIM-LAMIDO","2017-04",52,247,119,128,9,38,69,127,4
"796","KARIM-LAMIDO","2017-05",49,232,114,118,8,36,61,124,3
"797","KARIM-LAMIDO","2017-06",47,224,113,111,8,33,60,120,3
"798","KARIM-LAMIDO","2017-09",46,221,112,109,8,32,60,118,3
"799","KARIM-LAMIDO","2017-11",42,199,103,96,6,26,56,106,5
"800","KARU","2015-07",23,159,0,0,0,0,0,0,0
"801","KARU","2015-09",400,1908,835,1073,78,125,460,1187,58
"802","KARU","2015-11",446,2453,1086,1367,86,263,598,1440,66
"803","KARU","2016-01",446,2402,1015,1387,80,255,450,1573,44
"804","KARU","2016-03",455,2518,1074,1444,91,273,482,1618,54
"805","KARU","2016-08",466,2572,1101,1471,105,277,498,1640,52
"806","KATAGUM","2016-11",559,3286,1404,1882,195,559,1277,1182,73
"807","KATAGUM","2016-12",553,3267,1393,1874,199,558,1270,1137,103
"808","KATAGUM","2017-02",571,3339,1425,1914,222,579,1279,1150,109
"809","KATAGUM","2017-04",536,3253,1381,1872,224,573,1234,1114,108
"810","KATAGUM","2017-05",482,2929,1238,1691,206,508,1092,1028,95
"811","KATAGUM","2017-06",448,2639,1145,1494,166,442,959,985,87
"812","KATAGUM","2017-09",568,3200,1454,1746,200,495,1161,1239,105
"813","KATAGUM","2017-11",678,3608,1647,1961,228,570,1265,1421,124
"814","KIRFI","2016-11",66,466,216,250,32,78,155,186,15
"815","KIRFI","2016-12",67,471,217,254,36,81,147,192,15
"816","KIRFI","2017-02",66,465,222,243,33,85,165,168,14
"817","KIRFI","2017-04",66,466,223,243,33,81,159,180,13
"818","KIRFI","2017-05",63,437,209,228,30,76,150,168,13
"819","KIRFI","2017-06",63,437,209,228,32,77,151,164,13
"820","KIRFI","2017-09",57,398,195,203,29,58,130,170,11
"821","KIRFI","2017-11",57,398,197,201,29,58,131,169,11
"822","KOKONA","2015-07",18,244,0,0,0,0,0,0,0
"823","KONDUGA","2015-03",891,8016,1078,6938,20,126,816,3782,3272
"824","KONDUGA","2015-06",2920,14200,5830,8370,1235,1360,3205,6400,2000
"825","KONDUGA","2015-07",4349,37070,17748,19322,1393,11189,12099,10566,1823
"826","KONDUGA","2015-09",3369,25270,9405,15865,870,4057,8980,9972,1391
"827","KONDUGA","2015-11",2976,22319,7859,14460,952,2021,4157,14151,1038
"828","KONDUGA","2016-01",3528,26297,10635,15662,1864,4445,7315,10984,1689
"829","KONDUGA","2016-03",6193,40805,17540,23265,3418,6429,11744,14371,4843
"830","KONDUGA","2016-08",11383,61071,22962,38109,4421,12340,18052,22670,3588
"831","KONDUGA","2016-10",10981,62067,23409,38658,3805,12115,19977,22729,3441
"832","KONDUGA","2016-11",16445,89733,34839,54894,5347,15979,30147,31635,6625
"833","KONDUGA","2016-12",16394,90514,34536,55978,5279,15114,30053,32525,7543
"834","KONDUGA","2017-02",17151,95799,40337,55462,4786,16299,33922,35371,5421
"835","KONDUGA","2017-04",19258,101267,41501,59766,6903,16260,37708,34280,6116
"836","KONDUGA","2017-05",19626,107517,43880,63637,7247,17384,38384,37780,6722
"837","KONDUGA","2017-06",19333,105645,47083,58562,5901,22058,32478,38318,6890
"838","KONDUGA","2017-09",20034,109885,48207,61678,6248,18173,38963,40438,6063
"839","KONDUGA","2017-11",20361,113288,48131,65157,7686,19959,39295,41932,4416
"840","KONDUGA","2018-01",17581,89872,39631,50241,6106,15170,31974,31745,4877
"841","KONDUGA","2018-04",16029,84786,36974,47812,6102,14842,29552,29550,4740
"842","KONDUGA","2018-06",15410,84396,36858,47538,6671,14648,29269,29506,4302
"843","KONDUGA","2018-07",14136,81106,36274,44832,5622,16631,23876,32542,2435
"844","KONDUGA","2018-10",13456,77244,33653,43591,5312,15409,23850,30120,2553
"845","KONDUGA","2018-11",15381,80074,35091,44983,5533,16211,24972,30644,2714
"846","KONDUGA","2019-05",18009,86940,37578,49362,5256,10028,27841,40644,3171
"847","KONDUGA","2019-07",18659,90537,40705,49832,6040,13890,25901,41480,3226
"848","KONDUGA","2019-08",18318,88570,39849,48721,6191,14308,23821,40971,3279
"849","KONDUGA","2019-11",18179,87873,39542,48331,6144,14172,24187,40107,3263
"850","KONDUGA","2020-01",18204,87740,39461,48279,6137,14053,24093,40241,3216
"851","KUJE","2015-07",54,432,0,0,0,0,0,0,0
"852","KUKAWA","2016-12",2788,14063,6257,7806,654,1640,4599,6225,945
"853","KUKAWA","2017-02",3245,16430,7466,8964,1180,3190,5502,5387,1171
"854","KUKAWA","2017-04",3213,16485,7503,8982,1254,2914,5147,6165,1005
"855","KUKAWA","2017-05",2905,14523,6542,7981,1023,2650,4404,5565,881
"856","KUKAWA","2017-06",2706,13821,6280,7541,945,2715,3915,5564,682
"857","KUKAWA","2017-09",1716,9122,4207,4915,482,1895,2525,3665,555
"858","KUKAWA","2017-11",1956,9543,4232,5311,397,1745,2597,4276,528
"859","KUKAWA","2018-01",364,1360,677,683,48,242,398,578,94
"860","KUKAWA","2018-04",369,1379,633,746,67,245,287,723,57
"861","KUKAWA","2018-06",386,1472,644,828,72,266,301,785,48
"862","KUKAWA","2018-07",367,1316,616,700,45,226,297,691,57
"863","KUKAWA","2018-10",511,2009,961,1048,43,374,449,1091,52
"864","KUMBOTSO","2015-11",20,100,100,0,0,0,100,0,0
"865","KUMBOTSO","2016-01",20,100,100,0,0,0,100,0,0
"866","KUMBOTSO","2016-03",20,200,200,0,0,0,200,0,0
"867","KUMBOTSO","2016-08",20,200,200,0,0,20,180,0,0
"868","KURMI","2016-11",150,988,393,595,80,184,343,353,28
"869","KURMI","2016-12",150,988,396,592,82,182,344,333,47
"870","KURMI","2017-02",59,326,140,186,19,69,127,93,18
"871","KURMI","2017-04",69,346,159,187,29,53,98,128,38
"872","KURMI","2017-05",81,407,183,224,49,96,122,106,34
"873","KURMI","2017-06",86,432,180,252,39,99,142,111,41
"874","KURMI","2017-09",61,303,140,163,25,49,88,135,6
"875","KURMI","2017-11",61,303,124,179,22,60,84,97,40
"876","KWAMI","2016-11",210,1328,615,713,43,155,653,449,28
"877","KWAMI","2016-12",206,1305,628,677,61,214,589,415,26
"878","KWAMI","2017-02",191,1181,588,593,59,213,443,437,29
"879","KWAMI","2017-04",208,1235,607,628,60,210,451,485,29
"880","KWAMI","2017-05",210,1243,598,645,53,183,472,507,28
"881","KWAMI","2017-06",198,1124,565,559,65,216,369,458,16
"882","KWAMI","2017-09",242,1318,652,666,67,231,412,560,48
"883","KWAMI","2017-11",318,1901,910,991,82,292,715,717,95
"884","KWAYA / KUSAR","2016-11",357,2342,1066,1276,219,455,626,931,111
"885","KWAYA / KUSAR","2016-12",343,2250,1025,1225,215,434,601,896,104
"886","KWAYA / KUSAR","2017-02",469,2700,1231,1469,298,523,720,1028,131
"887","KWAYA / KUSAR","2017-04",458,2639,1203,1436,292,521,696,1001,129
"888","KWAYA / KUSAR","2017-05",510,2939,1339,1600,342,571,786,1099,141
"889","KWAYA / KUSAR","2017-06",505,2901,1340,1561,383,591,750,1017,160
"890","KWAYA / KUSAR","2017-09",522,2983,1371,1612,388,585,737,1108,165
"891","KWAYA / KUSAR","2017-11",557,3152,1471,1681,323,642,840,1143,204
"892","LAFIA","2015-07",155,919,0,0,0,0,0,0,0
"893","LAFIA","2015-09",625,5054,2514,2540,116,415,1618,2499,406
"894","LAFIA","2015-11",129,573,322,251,9,92,192,265,15
"895","LAFIA","2016-01",129,573,312,261,9,47,146,331,40
"896","LAFIA","2016-03",190,742,313,429,14,59,107,538,24
"897","LAFIA","2016-08",305,2231,1140,1091,560,543,466,407,255
"898","LAMURDE","2016-11",85,586,241,345,42,66,119,269,90
"899","LAMURDE","2016-12",81,571,225,346,35,72,142,227,95
"900","LAMURDE","2017-02",76,546,211,335,30,62,114,185,155
"901","LAMURDE","2017-04",73,529,178,351,35,65,110,220,99
"902","LAMURDE","2017-05",76,536,189,347,33,58,104,210,131
"903","LAMURDE","2017-06",82,588,212,376,34,96,148,196,114
"904","LAMURDE","2017-09",80,579,230,349,23,57,92,252,155
"905","LAMURDE","2017-11",69,517,182,335,37,67,100,202,111
"906","LAU","2015-09",820,5036,2457,2579,477,891,1270,1516,882
"907","LAU","2016-11",72,595,260,335,44,105,159,226,61
"908","LAU","2016-12",72,595,287,308,15,65,253,230,32
"909","LAU","2017-02",924,5163,2148,3015,219,658,1639,2352,295
"910","LAU","2017-04",189,1073,446,627,42,205,363,407,56
"911","LAU","2017-05",170,955,396,559,22,98,364,405,66
"912","LAU","2017-06",182,923,390,533,23,119,363,365,53
"913","LAU","2017-09",157,905,397,508,41,152,309,345,58
"914","LAU","2017-11",116,701,330,371,25,95,261,283,37
"915","LAU","2018-01",435,2553,1173,1380,125,483,1022,793,130
"916","LAU","2018-04",290,1383,601,782,46,113,325,829,70
"917","LAU","2018-10",165,885,386,499,28,68,242,466,81
"918","MACHINA","2016-11",188,1259,591,668,163,211,364,326,195
"919","MACHINA","2016-12",228,1299,596,703,188,210,519,228,154
"920","MACHINA","2017-02",228,1299,608,691,215,184,377,332,191
"921","MACHINA","2017-04",152,1176,538,638,147,209,393,311,116
"922","MACHINA","2017-05",143,1149,566,583,144,192,358,289,166
"923","MACHINA","2017-06",140,1126,554,572,145,192,352,264,173
"924","MACHINA","2017-09",137,1113,538,575,125,180,345,290,173
"925","MACHINA","2017-11",188,1087,519,568,129,203,373,205,177
"926","MADAGALI","2016-03",206,1304,659,645,34,111,436,708,15
"927","MADAGALI","2016-08",143,997,476,521,54,152,270,443,78
"928","MADAGALI","2016-10",39,195,98,97,7,25,42,93,28
"929","MADAGALI","2016-11",4216,21080,11352,9728,376,3509,6354,10117,724
"930","MADAGALI","2016-12",3767,18835,9211,9624,601,2839,6389,7747,1259
"931","MADAGALI","2017-02",3747,18735,9326,9409,1692,3040,7244,5084,1675
"932","MADAGALI","2017-04",3726,18695,8918,9777,353,3332,5757,9028,225
"933","MADAGALI","2017-05",3710,18667,7638,11029,550,3635,5510,8605,367
"934","MADAGALI","2017-06",3699,18515,7338,11177,353,3027,6048,8934,153
"935","MADAGALI","2017-09",3671,18355,7280,11075,348,3537,6971,7360,139
"936","MADAGALI","2017-11",3869,19345,7711,11634,400,4106,6433,8194,212
"937","MAFA","2016-10",300,1502,622,880,31,59,554,743,115
"938","MAFA","2016-11",1370,6990,2970,4020,169,1692,2236,2680,213
"939","MAFA","2016-12",1380,7490,3108,4382,172,1740,2254,3055,269
"940","MAFA","2017-02",1801,10812,5553,5259,814,2522,2683,4597,196
"941","MAFA","2017-04",2127,12762,5527,7235,1610,2475,3062,4849,766
"942","MAFA","2017-05",2266,6462,2914,3548,258,1420,1987,2276,521
"943","MAFA","2017-06",2333,6876,3241,3635,421,1366,2076,2416,597
"944","MAFA","2017-09",2101,9366,4255,5111,683,2006,2799,3268,610
"945","MAFA","2017-11",2213,10556,4506,6050,624,2191,2756,4675,310
"946","MAFA","2018-01",1979,9417,4456,4961,1039,2148,2665,2900,665
"947","MAFA","2018-04",1985,9444,4266,5178,848,2148,2671,3106,671
"948","MAFA","2018-06",2239,10662,4797,5865,700,2353,2612,4144,853
"949","MAFA","2018-07",2239,10675,4803,5872,854,1815,3096,4269,641
"950","MAFA","2018-10",2283,10939,4922,6017,875,2516,2954,3829,765
"951","MAFA","2018-11",2300,10972,4936,6036,658,2633,3182,3621,878
"952","MAFA","2019-05",2314,11029,4962,6067,551,2426,3199,4632,221
"953","MAFA","2019-07",2340,11094,4993,6101,555,2108,3550,4659,222
"954","MAFA","2019-08",2348,11270,5071,6199,564,2141,3607,4733,225
"955","MAFA","2019-11",2356,11308,5092,6216,565,2148,3618,4749,228
"956","MAFA","2020-01",2378,11377,5123,6254,568,2161,3640,4778,230
"957","MAGUMERI","2016-11",493,2550,1191,1359,281,587,891,740,51
"958","MAGUMERI","2016-12",495,2550,1016,1534,153,714,612,943,128
"959","MAGUMERI","2017-02",2439,14017,6630,7387,871,2473,4309,6034,330
"960","MAGUMERI","2017-04",3264,17858,8432,9426,1084,4081,5193,6395,1105
"961","MAGUMERI","2017-05",3371,18277,8409,9868,1041,4330,5243,6552,1111
"962","MAGUMERI","2017-06",3416,18378,9685,8693,490,4618,6134,6840,296
"963","MAGUMERI","2017-09",3364,18347,9386,8961,604,2359,7737,7264,383
"964","MAGUMERI","2017-11",3472,18858,8921,9937,630,2419,8007,7390,412
"965","MAGUMERI","2018-01",1570,8010,3894,4116,440,1692,2523,3095,260
"966","MAGUMERI","2018-04",1775,8753,4116,4637,475,2085,2194,3677,322
"967","MAGUMERI","2018-06",1775,8751,4132,4619,467,1975,2322,3700,287
"968","MAGUMERI","2018-07",1775,8748,4169,4579,467,1975,2322,3698,286
"969","MAGUMERI","2018-10",1842,8993,4321,4672,495,2030,2366,3808,294
"970","MAGUMERI","2018-11",1852,9058,4245,4813,418,2001,2296,4062,281
"971","MAGUMERI","2019-05",1888,9259,4263,4996,272,1917,2636,4148,286
"972","MAGUMERI","2019-07",1894,9285,3682,5603,464,1950,3063,3622,186
"973","MAGUMERI","2019-08",1891,9281,4166,5115,464,1855,2876,3807,279
"974","MAGUMERI","2019-11",1872,9091,4088,5003,455,1818,2817,3727,274
"975","MAGUMERI","2020-01",1877,9112,4174,4938,455,1001,3460,4009,187
"976","MAIDUGURI","2015-01",12401,106981,38093,68888,2219,24262,28884,50518,1098
"977","MAIDUGURI","2015-03",12705,95050,36465,58585,11195,20668,26319,25513,11355
"978","MAIDUGURI","2015-06",9356,71569,25660,45909,3012,8781,21119,35228,3429
"979","MAIDUGURI M. C.","2015-07",8736,62103,28686,33417,2631,10265,20891,25999,2317
"980","MAIDUGURI M. C.","2015-09",10610,67891,29399,38492,2485,15320,18721,28087,3278
"981","MAIDUGURI M. C.","2015-11",10299,73138,26973,46165,3621,8438,26111,31299,3669
"982","MAIDUGURI M. C.","2016-01",13516,71078,31871,39207,3391,11229,23915,27925,4618
"983","MAIDUGURI M. C.","2016-03",8613,57126,27233,29893,3563,7773,19450,21293,5047
"984","MAIDUGURI M. C.","2016-08",12781,57129,25024,32105,2871,10141,20545,21273,2299
"985","MAIDUGURI M. C.","2016-10",11912,52809,22023,30786,3587,7204,20726,18839,2453
"986","MAIDUGURI M. C.","2016-11",89282,473577,204043,269534,21808,87145,147974,195467,21183
"987","MAIDUGURI M. C.","2016-12",83087,445314,192285,253029,35835,85180,132837,172537,18925
"988","MAIDUGURI M. C.","2017-02",72410,395847,168366,227481,25704,69370,142489,136733,21551
"989","MAIDUGURI M. C.","2017-04",73638,384964,164921,220043,24438,68194,138747,135286,18299
"990","MAIDUGURI M. C.","2017-05",65569,345759,149462,196297,22541,66341,114933,125226,16718
"991","MAIDUGURI M. C.","2017-06",60296,308784,133516,175268,22333,54983,101547,115281,14640
"992","MAIDUGURI M. C.","2017-09",53582,275720,121358,154362,20969,51091,101746,86702,15212
"993","MAIDUGURI M. C.","2017-11",51961,265782,118879,146903,21608,48192,93629,88775,13578
"994","MAIDUGURI M. C.","2018-01",15009,67766,29461,38305,5076,9714,26279,23424,3273
"995","MAIDUGURI M. C.","2018-04",15988,70629,29878,40751,5585,10224,27902,23344,3574
"996","MAIDUGURI M. C.","2018-06",15811,70820,30322,40498,5146,10782,24286,27807,2799
"997","MAIDUGURI M. C.","2018-07",15425,69118,31162,37956,4252,11918,22071,28346,2531
"998","MAIDUGURI M. C.","2018-10",14876,61537,26021,35516,4644,9874,20786,24279,1954
"999","MAIDUGURI M. C.","2018-11",22869,89562,37759,51803,6445,17398,29671,33432,2616
"1000","MAIDUGURI M. C.","2019-05",19731,82269,34670,47599,5529,13375,28646,32069,2650
"1001","MAIDUGURI M. C.","2019-07",22487,98736,41186,57550,6772,16354,34145,37943,3522
"1002","MAIDUGURI M. C.","2019-08",22451,98743,44141,54602,5945,16027,33837,39744,3190
"1003","MAIDUGURI M. C.","2019-11",22573,98480,44569,53911,6798,15531,34126,38796,3229
"1004","MAIDUGURI M. C.","2020-01",22852,101543,46017,55526,6960,16122,34983,40191,3287
"1005","MAIHA","2016-11",1732,15588,7064,8524,1267,3373,6003,4281,664
"1006","MAIHA","2016-12",1727,15543,7428,8115,1194,2552,5115,5247,1435
"1007","MAIHA","2017-02",1709,15381,7338,8043,1123,2906,5872,4549,931
"1008","MAIHA","2017-04",1681,15291,7346,7945,1458,2427,5070,5191,1145
"1009","MAIHA","2017-05",1663,15122,7217,7905,1447,2270,5046,5127,1232
"1010","MAIHA","2017-06",1645,14960,7296,7664,1337,1959,4790,5381,1493
"1011","MAIHA","2017-09",1629,14887,7268,7619,714,2527,6480,4402,764
"1012","MAIHA","2017-11",1635,14924,7485,7439,617,2739,5387,5436,745
"1013","MAKURDI","2015-11",40,439,246,193,8,58,210,156,7
"1014","MAKURDI","2016-01",95,841,380,461,26,119,166,505,25
"1015","MAKURDI","2016-03",6,38,16,22,7,4,6,16,5
"1016","MAKURDI","2016-08",4,29,14,15,5,6,6,7,5
"1017","MAYO-BELWA","2019-05",63,410,186,224,9,87,139,170,5
"1018","MAYO - BELWA","2016-11",59,426,225,201,38,95,199,87,7
"1019","MAYO - BELWA","2016-12",59,426,225,201,38,95,199,87,7
"1020","MAYO - BELWA","2017-02",56,411,217,194,35,93,196,80,7
"1021","MAYO - BELWA","2017-04",56,411,225,186,35,93,196,80,7
"1022","MAYO - BELWA","2017-05",52,367,186,181,18,67,158,118,6
"1023","MAYO - BELWA","2017-06",52,367,166,201,18,67,138,138,6
"1024","MAYO - BELWA","2017-09",52,367,168,199,18,65,142,136,6
"1025","MAYO - BELWA","2017-11",52,367,166,201,18,67,158,118,6
"1026","MAYO - BELWA","2018-07",275,2270,1012,1258,164,424,670,681,331
"1027","MAYO - BELWA","2018-10",108,629,248,381,20,142,147,307,13
"1028","MAYO - BELWA","2018-11",93,496,208,288,14,101,162,210,9
"1029","MAYO - BELWA","2019-07",71,475,207,268,24,90,160,175,26
"1030","MAYO - BELWA","2019-08",70,470,204,266,24,90,156,174,26
"1031","MAYO - BELWA","2019-11",70,470,204,266,24,90,156,174,26
"1032","MAYO - BELWA","2020-01",70,470,204,266,24,90,156,174,26
"1033","MICHIKA","2015-07",125,902,247,655,67,125,320,360,30
"1034","MICHIKA","2016-03",24,85,42,43,5,16,23,36,5
"1035","MICHIKA","2016-11",5446,27230,14293,12937,542,4850,8625,12567,646
"1036","MICHIKA","2016-12",5435,27171,12399,14772,1706,5193,7709,11204,1359
"1037","MICHIKA","2017-02",5400,26999,12223,14776,1890,4648,7382,10896,2183
"1038","MICHIKA","2017-04",5239,26438,11896,14542,1840,4057,7066,11436,2039
"1039","MICHIKA","2017-05",5198,26159,11830,14329,1852,4038,7314,11156,1799
"1040","MICHIKA","2017-06",5225,26179,11908,14271,1807,4313,7140,11047,1872
"1041","MICHIKA","2017-09",5221,26152,11823,14329,2057,4597,6873,10410,2215
"1042","MICHIKA","2017-11",5223,26161,11651,14510,1848,4187,6675,11376,2075
"1043","MISAU","2016-11",521,2130,1109,1021,215,448,461,723,283
"1044","MISAU","2016-12",532,2164,1161,1003,244,469,452,700,299
"1045","MISAU","2017-02",501,1975,1000,975,215,480,555,548,177
"1046","MISAU","2017-04",499,1946,1053,893,236,473,604,465,168
"1047","MISAU","2017-05",483,1873,1000,873,173,316,487,744,153
"1048","MISAU","2017-06",475,1849,1034,815,190,353,612,539,155
"1049","MISAU","2017-09",375,1470,782,688,186,314,448,414,108
"1050","MISAU","2017-11",372,1459,736,723,153,304,442,454,106
"1051","MISAU","2018-10",14,96,35,61,7,25,21,41,2
"1052","MISAU","2018-11",14,96,35,61,7,25,21,41,2
"1053","MISAU","2019-05",14,96,35,61,7,25,21,41,2
"1054","MISAU","2019-07",14,96,35,61,7,25,21,41,2
"1055","MISAU","2019-08",14,96,35,61,7,25,21,41,2
"1056","MISAU","2019-11",14,96,35,61,7,25,21,41,2
"1057","MISAU","2020-01",14,96,35,61,7,25,21,41,2
"1058","MOBBAR","2017-02",1220,6100,2732,3368,391,1345,1601,2686,77
"1059","MOBBAR","2017-04",1398,9493,4776,4717,977,1941,3094,2854,627
"1060","MOBBAR","2017-05",1782,8910,4236,4674,899,2119,2571,2785,536
"1061","MOBBAR","2017-06",1695,8453,3972,4481,883,1748,2397,2789,636
"1062","MOBBAR","2017-09",1630,8154,3475,4679,408,1878,2447,3098,323
"1063","MOBBAR","2017-11",1578,7845,3356,4489,312,1726,2117,3451,239
"1064","MONGUNO","2016-08",12648,64403,29211,35192,4386,15288,17733,21587,5409
"1065","MONGUNO","2016-10",11742,63490,27739,35751,4192,14249,16319,23847,4883
"1066","MONGUNO","2016-11",15120,88650,41043,47607,6108,24278,24694,30434,3136
"1067","MONGUNO","2016-12",23430,135463,59064,76399,8498,33608,29517,56658,7182
"1068","MONGUNO","2017-02",21902,121514,53474,68040,4911,23054,40120,47499,5930
"1069","MONGUNO","2017-04",20529,122809,54008,68801,12485,24908,41951,35715,7750
"1070","MONGUNO","2017-05",20641,123277,59514,63763,9905,22236,38715,45810,6611
"1071","MONGUNO","2017-06",20766,122770,56734,66036,8723,20535,38232,48698,6582
"1072","MONGUNO","2017-09",20787,122843,58907,63936,8675,20646,38343,48854,6325
"1073","MONGUNO","2017-11",20679,122997,54800,68197,4803,22538,38325,51976,5355
"1074","MONGUNO","2018-01",18616,112626,48070,64556,4506,23652,36036,45049,3383
"1075","MONGUNO","2018-04",19987,116482,56029,60453,5528,24796,37296,45784,3078
"1076","MONGUNO","2018-06",20098,117097,46881,70216,6287,25484,37063,44745,3518
"1077","MONGUNO","2018-07",19826,116720,51315,65405,7001,21859,33885,50470,3505
"1078","MONGUNO","2018-10",25682,129392,58270,71122,5175,27172,41405,51757,3883
"1079","MONGUNO","2018-11",26482,132144,58757,73387,5285,27750,42281,52864,3964
"1080","MONGUNO","2019-05",29205,139669,64888,74781,5583,27734,45896,56254,4202
"1081","MONGUNO","2019-07",29317,140991,63429,77562,5635,28196,46527,56394,4239
"1082","MONGUNO","2019-08",29612,141884,64726,77158,5772,28189,46894,56705,4324
"1083","MONGUNO","2019-11",33584,116537,50959,65578,4685,18999,36360,49162,7331
"1084","MONGUNO","2020-01",33592,116599,50979,65620,4703,19011,36377,49183,7325
"1085","MUBI NORTH","2016-11",2380,12099,4217,7882,259,2670,4053,4769,348
"1086","MUBI NORTH","2016-12",2260,11124,5706,5418,44,3606,3157,4274,43
"1087","MUBI NORTH","2017-02",2283,11280,4788,6492,265,2285,3532,4775,423
"1088","MUBI NORTH","2017-04",2283,11427,5532,5895,559,2816,3664,3782,606
"1089","MUBI NORTH","2017-05",2248,10981,5156,5825,720,2558,3028,3780,895
"1090","MUBI NORTH","2017-06",2221,10877,5356,5521,898,2229,2862,3652,1236
"1091","MUBI NORTH","2017-09",2213,10889,5272,5617,680,2177,3486,3691,855
"1092","MUBI NORTH","2017-11",2087,10529,5207,5322,480,2225,3042,4031,751
"1093","MUBI SOUTH","2015-01",42,357,160,197,40,35,108,174,0
"1094","MUBI SOUTH","2015-09",55,180,102,78,8,13,62,90,7
"1095","MUBI SOUTH","2015-11",15,61,30,31,7,11,22,20,1
"1096","MUBI SOUTH","2016-01",134,475,147,328,20,59,69,191,136
"1097","MUBI SOUTH","2016-03",49,245,108,137,13,36,63,106,27
"1098","MUBI SOUTH","2016-08",141,370,138,232,12,40,42,263,13
"1099","MUBI SOUTH","2016-11",1166,5601,2861,2740,172,1253,1852,2143,181
"1100","MUBI SOUTH","2016-12",1165,5628,2835,2793,171,1131,1902,2232,192
"1101","MUBI SOUTH","2017-02",1086,5241,2439,2802,132,1434,1769,1742,164
"1102","MUBI SOUTH","2017-04",1125,5360,2634,2726,140,1225,1831,2052,112
"1103","MUBI SOUTH","2017-05",1373,6346,3055,3291,133,1490,2231,2396,96
"1104","MUBI SOUTH","2017-06",1290,6048,2969,3079,154,1355,1764,2662,113
"1105","MUBI SOUTH","2017-09",1256,5883,2947,2936,124,1273,1800,2578,108
"1106","MUBI SOUTH","2017-11",1166,5687,2905,2782,136,1260,1716,2467,108
"1107","MUBI SOUTH","2018-04",22,49,22,27,0,12,11,26,0
"1108","MUBI SOUTH","2018-06",14,30,7,23,3,5,3,19,0
"1109","MUBI SOUTH","2018-07",29,63,7,56,3,6,23,28,3
"1110","MUBI SOUTH","2018-10",34,67,28,39,8,11,28,18,2
"1111","MUBI SOUTH","2018-11",9,26,14,12,0,8,7,9,2
"1112","MUBI SOUTH","2019-05",6,19,10,9,0,3,11,5,0
"1113","MUBI SOUTH","2019-07",3,13,5,8,0,4,5,4,0
"1114","MUBI SOUTH","2019-08",3,3,2,1,0,0,0,3,0
"1115","MUBI SOUTH","2019-11",3,3,2,1,0,0,0,3,0
"1116","MUNICIPAL","2015-07",1046,5741,946,1024,218,416,653,673,10
"1117","MUNICIPAL","2015-09",1201,8467,3447,5020,146,798,1486,5963,74
"1118","MUNICIPAL","2015-11",1165,7077,2576,4501,143,763,1513,4593,65
"1119","MUNICIPAL","2016-01",1363,8478,4024,4454,674,1637,2440,2854,873
"1120","MUNICIPAL","2016-03",1429,9447,3962,5485,127,961,2936,4610,813
"1121","MUNICIPAL","2016-08",1499,9862,4742,5120,547,2847,3115,3189,164
"1122","NAFADA","2016-11",445,1769,898,871,42,231,763,702,31
"1123","NAFADA","2016-12",445,1769,898,871,42,231,763,702,31
"1124","NAFADA","2017-02",437,1740,891,849,42,231,753,683,31
"1125","NAFADA","2017-04",437,1814,923,891,42,231,773,730,38
"1126","NAFADA","2017-05",423,1764,890,874,46,242,727,718,31
"1127","NAFADA","2017-06",413,1705,871,834,39,218,735,680,33
"1128","NAFADA","2017-09",404,1699,860,839,43,239,677,707,33
"1129","NAFADA","2017-11",409,1689,880,809,40,226,705,686,32
"1130","NANGERE","2016-11",407,2324,961,1363,281,371,814,669,189
"1131","NANGERE","2016-12",391,2308,1084,1224,334,443,507,689,335
"1132","NANGERE","2017-02",324,2010,966,1044,429,418,355,401,407
"1133","NANGERE","2017-04",309,1891,947,944,367,376,392,361,395
"1134","NANGERE","2017-05",309,1891,879,1012,334,376,308,500,373
"1135","NANGERE","2017-06",305,1876,959,917,326,432,420,391,307
"1136","NANGERE","2017-09",301,1860,947,913,322,430,410,391,307
"1137","NANGERE","2017-11",217,1580,756,824,261,331,332,352,304
"1138","NDUKU","2016-12",28,136,62,74,15,17,33,41,30
"1139","NGALA","2016-10",4400,22000,10250,11750,945,3440,7560,8555,1500
"1140","NGALA","2016-11",11045,61761,28602,33159,2430,9252,21610,26664,1805
"1141","NGALA","2016-12",11512,63623,27564,36059,2295,11724,20432,26581,2591
"1142","NGALA","2017-02",8821,32615,14609,18006,1448,6730,12200,10704,1533
"1143","NGALA","2017-04",10090,40932,17794,23138,1417,7037,16329,14751,1398
"1144","NGALA","2017-05",10109,42170,19146,23024,1616,9366,13388,15554,2246
"1145","NGALA","2017-06",10264,42585,20552,22033,2967,7579,12703,17516,1820
"1146","NGALA","2017-09",10487,43744,19484,24260,3580,8197,12884,16434,2649
"1147","NGALA","2017-11",11732,47403,21477,25926,3648,6949,11174,22792,2840
"1148","NGALA","2018-01",10877,41264,18563,22701,3413,6565,8998,19539,2749
"1149","NGALA","2018-04",12110,47645,21492,26153,2843,9480,14905,18591,1826
"1150","NGALA","2018-06",12185,47472,21362,26110,1899,9969,15191,18989,1424
"1151","NGALA","2018-07",12484,50386,21605,28781,3023,11085,14613,20154,1511
"1152","NGALA","2018-10",12543,50724,22827,27897,2538,11158,14709,21304,1015
"1153","NGALA","2018-11",12907,51177,23030,28147,2559,11259,14841,21493,1025
"1154","NGALA","2019-05",13844,54225,24404,29821,2169,11387,17352,21690,1627
"1155","NGALA","2019-07",14111,55168,25911,29257,4081,10032,19144,17788,4123
"1156","NGALA","2019-08",14495,56189,25285,30904,2809,11237,17418,23038,1687
"1157","NGALA","2019-11",14763,56870,26543,30327,4191,10318,19310,18729,4322
"1158","NGALA","2020-01",15513,59755,27976,31779,4693,10989,20212,19410,4451
"1159","NGANZAI","2016-08",107,625,278,347,40,119,191,218,57
"1160","NGANZAI","2016-10",146,804,344,460,61,128,253,298,64
"1161","NGANZAI","2016-11",998,5481,2268,3213,383,787,1509,2395,407
"1162","NGANZAI","2016-12",1069,5906,2564,3342,425,845,1601,2565,470
"1163","NGANZAI","2017-02",3520,18967,8360,10607,1426,2885,5717,7683,1256
"1164","NGANZAI","2017-04",3682,19648,8989,10659,1470,3165,5850,7894,1269
"1165","NGANZAI","2017-05",4185,21016,9635,11381,1645,3386,6316,8427,1242
"1166","NGANZAI","2017-06",4145,21163,9815,11348,1661,3313,6232,8729,1228
"1167","NGANZAI","2017-09",4146,21176,9823,11353,1668,3314,6234,8732,1228
"1168","NGANZAI","2017-11",4317,22144,10172,11972,1791,3618,6644,8831,1260
"1169","NGANZAI","2018-01",3845,21429,10252,11177,1976,3375,5503,8867,1708
"1170","NGANZAI","2018-04",3511,15986,7466,8520,1116,2321,4974,6755,820
"1171","NGANZAI","2018-06",4437,19998,9690,10308,1599,2398,6730,8070,1201
"1172","NGANZAI","2018-07",4324,19744,9292,10452,1556,3355,5847,7981,1005
"1173","NGANZAI","2018-10",6157,26501,12718,13783,2183,4607,7883,10366,1462
"1174","NGANZAI","2018-11",8258,33574,15100,18474,2686,4365,10744,13765,2014
"1175","NGANZAI","2019-05",7975,32339,13742,18597,1941,2912,13258,12935,1293
"1176","NGANZAI","2019-07",7654,30947,13933,17014,1545,4332,12069,11762,1239
"1177","NGURU","2016-11",2101,11207,4758,6449,1326,2007,2680,3715,1479
"1178","NGURU","2016-12",2132,11207,4525,6682,1280,1909,2774,3609,1635
"1179","NGURU","2017-02",2184,11450,4769,6681,1386,1881,2821,4231,1131
"1180","NGURU","2017-04",2063,11281,4415,6866,1171,2175,3383,4071,481
"1181","NGURU","2017-05",2025,11120,4341,6779,1250,2149,3178,4047,496
"1182","NGURU","2017-06",2025,11120,4339,6781,1250,2150,3178,4046,496
"1183","NGURU","2017-09",2023,11113,4319,6794,1230,2145,3179,4063,496
"1184","NGURU","2017-11",2010,11050,4271,6779,1028,2127,3153,4225,517
"1185","NGURU","2018-04",15,54,21,33,6,10,10,28,0
"1186","NGURU","2018-06",15,54,21,33,4,14,17,19,0
"1187","NGURU","2018-07",15,54,21,33,4,14,17,19,0
"1188","NGURU","2019-05",39,274,122,152,16,43,93,116,6
"1189","NGURU","2019-07",39,274,122,152,16,43,93,116,6
"1190","NGURU","2019-08",39,274,122,152,16,43,93,116,6
"1191","NGURU","2019-11",39,274,122,152,16,43,93,116,6
"1192","NGURU","2020-01",39,274,122,152,16,43,93,116,6
"1193","NINGI","2016-11",718,4013,1909,2104,109,647,1149,2051,57
"1194","NINGI","2016-12",718,4013,1910,2103,109,642,1163,2041,58
"1195","NINGI","2017-02",600,3153,1437,1716,103,508,842,1578,122
"1196","NINGI","2017-04",685,3793,1763,2030,240,793,1084,1513,163
"1197","NINGI","2017-05",650,3654,1698,1956,249,763,1039,1443,160
"1198","NINGI","2017-06",671,3808,1809,1999,250,763,1043,1615,137
"1199","NINGI","2017-09",668,3794,1806,1988,251,762,1039,1606,136
"1200","NINGI","2017-11",644,3684,1765,1919,230,744,1019,1584,107
"1201","NINGI","2018-06",11,77,33,44,3,23,25,26,0
"1202","NINGI","2018-07",11,77,33,44,3,23,25,26,0
"1203","NINGI","2018-10",11,81,36,45,6,22,27,26,0
"1204","NINGI","2018-11",11,82,37,45,4,22,29,27,0
"1205","NINGI","2019-05",11,82,38,44,4,23,28,27,0
"1206","NINGI","2019-07",11,81,38,43,3,18,33,27,0
"1207","NINGI","2019-08",11,81,38,43,3,18,33,27,0
"1208","NINGI","2019-11",12,92,46,46,5,14,42,30,1
"1209","NINGI","2020-01",12,92,46,46,5,14,42,30,1
"1210","NUMAN","2015-01",65,418,191,227,32,43,166,175,2
"1211","NUMAN","2015-03",62,432,215,217,30,86,110,164,42
"1212","NUMAN","2016-11",115,1031,454,577,47,128,263,552,41
"1213","NUMAN","2016-12",108,1010,451,559,38,148,273,497,54
"1214","NUMAN","2017-02",194,1513,722,791,88,202,392,756,75
"1215","NUMAN","2017-04",173,1332,661,671,63,195,384,628,62
"1216","NUMAN","2017-05",162,1260,605,655,50,213,361,582,54
"1217","NUMAN","2017-06",154,1206,576,630,53,197,362,549,45
"1218","NUMAN","2017-09",174,1346,689,657,60,223,407,593,63
"1219","NUMAN","2017-11",274,1897,910,987,45,309,531,952,60
"1220","NUMAN","2018-10",497,2978,1385,1593,240,353,560,1715,110
"1221","NUMAN","2018-11",361,1764,840,924,120,220,287,1087,50
"1222","POTISKUM","2016-11",2537,14288,6478,7810,1704,2644,4022,5025,893
"1223","POTISKUM","2016-12",2435,15947,7300,8647,2228,2393,4995,5180,1151
"1224","POTISKUM","2017-02",2454,16066,8020,8046,2611,3008,4672,4702,1073
"1225","POTISKUM","2017-04",2247,14800,6840,7960,1213,1848,3711,7062,966
"1226","POTISKUM","2017-05",2144,14479,6613,7866,1049,1734,3784,6722,1190
"1227","POTISKUM","2017-06",2534,15006,6934,8072,2072,2693,3806,5154,1281
"1228","POTISKUM","2017-09",2376,14075,6492,7583,2009,2592,3578,4712,1184
"1229","POTISKUM","2017-11",2339,14428,6621,7807,1884,2656,3750,4948,1190
"1230","POTISKUM","2018-01",37,213,110,103,13,36,64,85,15
"1231","POTISKUM","2018-04",33,200,91,109,14,36,61,74,15
"1232","POTISKUM","2018-06",30,190,81,109,19,43,58,59,11
"1233","POTISKUM","2018-07",28,177,67,110,18,38,47,65,9
"1234","POTISKUM","2018-10",23,150,57,93,14,23,46,61,6
"1235","POTISKUM","2018-11",31,209,79,130,18,27,54,83,27
"1236","POTISKUM","2019-05",15,91,29,62,12,15,21,40,3
"1237","POTISKUM","2019-07",37,199,95,104,22,40,60,63,14
"1238","POTISKUM","2019-08",52,337,156,181,28,66,124,101,18
"1239","POTISKUM","2019-11",51,331,154,177,34,58,116,101,22
"1240","POTISKUM","2020-01",51,320,152,168,34,59,118,79,30
"1241","RIYOM","2015-09",2157,8914,4036,4878,230,886,3268,4322,208
"1242","RIYOM","2015-11",1432,6770,3626,3144,92,1172,2078,3227,201
"1243","RIYOM","2016-01",1432,6770,3626,3144,92,1172,2078,3227,201
"1244","RIYOM","2016-03",1232,5770,3251,2519,62,918,1765,2873,152
"1245","RIYOM","2016-08",853,4033,2245,1788,38,721,1343,1864,67
"1246","SARDAUNA","2016-11",108,547,258,289,48,110,155,233,1
"1247","SARDAUNA","2016-12",108,548,259,289,48,110,155,234,1
"1248","SARDAUNA","2017-02",88,477,231,246,39,108,137,193,0
"1249","SARDAUNA","2017-04",86,468,226,242,36,116,148,168,0
"1250","SARDAUNA","2017-05",84,456,226,230,20,103,145,188,0
"1251","SARDAUNA","2017-06",395,2116,959,1157,59,524,593,935,5
"1252","SARDAUNA","2017-09",1921,9656,4684,4972,468,1783,2746,4380,279
"1253","SARDAUNA","2017-11",1595,8025,3877,4148,374,1416,2307,3705,223
"1254","SHANI","2016-11",153,862,442,420,72,203,222,337,28
"1255","SHANI","2016-12",152,854,436,418,67,197,231,330,29
"1256","SHANI","2017-02",147,828,415,413,74,178,224,326,26
"1257","SHANI","2017-04",332,1929,929,1000,205,420,562,638,104
"1258","SHANI","2017-05",327,1900,911,989,203,407,556,633,101
"1259","SHANI","2017-06",327,1900,921,979,173,389,530,707,101
"1260","SHANI","2017-09",329,1911,923,988,173,386,533,718,101
"1261","SHANI","2017-11",371,2133,962,1171,257,462,553,758,103
"1262","SHELLENG","2016-11",141,987,434,553,94,201,271,290,131
"1263","SHELLENG","2016-12",130,910,402,508,66,186,237,281,140
"1264","SHELLENG","2017-02",118,826,318,508,101,185,207,204,129
"1265","SHELLENG","2017-04",109,763,312,451,135,180,182,164,102
"1266","SHELLENG","2017-05",108,751,315,436,142,166,181,170,92
"1267","SHELLENG","2017-06",147,1018,440,578,186,236,245,221,130
"1268","SHELLENG","2017-09",142,957,417,540,181,216,223,217,120
"1269","SHELLENG","2017-11",151,1009,409,600,149,237,233,242,148
"1270","SHIRA","2016-11",188,1185,553,632,64,149,320,544,108
"1271","SHIRA","2016-12",173,1130,552,578,64,99,358,551,58
"1272","SHIRA","2017-02",173,1130,538,592,64,150,292,516,108
"1273","SHIRA","2017-04",173,1130,536,594,60,162,349,512,47
"1274","SHIRA","2017-05",173,1130,549,581,78,126,304,576,46
"1275","SHIRA","2017-06",167,1123,554,569,56,107,367,552,41
"1276","SHIRA","2017-09",155,1035,508,527,45,131,209,574,76
"1277","SHIRA","2017-11",236,1412,665,747,72,208,395,644,93
"1278","SHONGOM","2016-11",46,344,166,178,9,54,127,150,4
"1279","SHONGOM","2016-12",48,331,164,167,9,49,118,150,5
"1280","SHONGOM","2017-02",44,289,144,145,12,50,109,117,1
"1281","SHONGOM","2017-04",77,463,233,230,8,79,196,177,3
"1282","SHONGOM","2017-05",95,553,266,287,12,86,222,223,10
"1283","SHONGOM","2017-06",100,628,317,311,14,100,267,243,4
"1284","SHONGOM","2017-09",103,647,324,323,14,90,295,243,5
"1285","SHONGOM","2017-11",75,509,256,253,22,65,198,213,11
"1286","SONG","2015-01",48,381,162,219,81,95,59,143,3
"1287","SONG","2015-06",19,164,58,106,7,9,60,86,2
"1288","SONG","2016-10",64,123,53,70,19,25,16,44,19
"1289","SONG","2016-11",867,2024,1028,996,176,298,722,577,251
"1290","SONG","2016-12",874,2047,1041,1006,181,300,726,592,248
"1291","SONG","2017-02",868,2145,1060,1085,185,391,774,581,214
"1292","SONG","2017-04",739,2319,1140,1179,180,359,811,797,172
"1293","SONG","2017-05",734,2357,1150,1207,190,434,842,738,153
"1294","SONG","2017-06",563,1865,938,927,184,354,687,499,141
"1295","SONG","2017-09",721,2259,1067,1192,187,424,729,742,177
"1296","SONG","2017-11",641,2035,1010,1025,187,355,628,677,188
"1297","SONG","2018-01",113,424,212,212,48,78,96,182,20
"1298","SONG","2018-04",120,480,253,227,55,88,117,194,26
"1299","SONG","2018-06",70,512,243,269,64,115,123,183,27
"1300","SONG","2018-07",67,362,170,192,48,84,96,117,17
"1301","SONG","2018-10",67,362,170,192,48,84,96,117,17
"1302","SONG","2018-11",67,362,170,192,48,84,96,117,17
"1303","SONG","2019-05",68,365,170,195,48,84,96,120,17
"1304","SONG","2019-07",74,386,181,205,48,84,103,134,17
"1305","SONG","2019-08",70,360,170,190,48,84,98,113,17
"1306","SONG","2019-11",70,360,170,190,48,84,98,113,17
"1307","SONG","2020-01",70,360,170,190,48,76,98,121,17
"1308","TAFAWA BALEWA","2015-09",525,3923,1584,2339,203,492,1188,1750,290
"1309","TAFAWA BALEWA","2015-11",297,1485,593,892,32,298,446,681,28
"1310","TAFAWA BALEWA","2016-11",1478,7976,3031,4945,776,1304,2268,3435,193
"1311","TAFAWA BALEWA","2016-12",1478,7971,3084,4887,763,1326,2275,3417,190
"1312","TAFAWA BALEWA","2017-02",1475,7965,3629,4336,831,1495,2005,3615,19
"1313","TAFAWA BALEWA","2017-04",1474,7953,3607,4346,699,1348,2056,3782,68
"1314","TAFAWA BALEWA","2017-05",1477,7974,3623,4351,608,1447,2047,3674,198
"1315","TAFAWA BALEWA","2017-06",1472,7946,3661,4285,542,1327,2011,3874,192
"1316","TAFAWA BALEWA","2017-09",1472,7945,3659,4286,540,1329,2010,3871,195
"1317","TAFAWA BALEWA","2017-11",1471,7915,3616,4299,585,1393,2050,3689,198
"1318","TAFAWA BALEWA","2018-10",521,3992,2035,1957,245,744,1416,1435,152
"1319","TAFAWA BALEWA","2018-11",395,3100,1512,1588,182,448,1215,1124,131
"1320","TAKUM","2016-11",58,223,90,133,36,52,36,79,20
"1321","TAKUM","2016-12",55,210,91,119,15,36,48,102,9
"1322","TAKUM","2017-02",49,177,77,100,9,25,45,93,5
"1323","TAKUM","2017-04",63,225,98,127,18,34,49,116,8
"1324","TAKUM","2017-05",97,365,172,193,48,79,88,120,30
"1325","TAKUM","2017-06",99,416,185,231,44,69,102,164,37
"1326","TAKUM","2017-09",62,239,112,127,27,62,49,78,23
"1327","TAKUM","2017-11",93,341,148,193,28,58,97,142,16
"1328","TARMUWA","2016-11",89,579,267,312,119,134,144,120,62
"1329","TARMUWA","2016-12",83,541,271,270,75,135,131,110,90
"1330","TARMUWA","2017-02",74,480,221,259,71,87,83,157,82
"1331","TARMUWA","2017-04",73,478,231,247,68,99,102,146,63
"1332","TARMUWA","2017-05",78,513,250,263,70,103,111,157,72
"1333","TARMUWA","2017-06",73,455,221,234,51,67,109,155,73
"1334","TARMUWA","2017-09",73,468,224,244,59,78,112,153,66
"1335","TARMUWA","2017-11",73,478,229,249,53,113,157,133,22
"1336","TORO","2016-11",1978,9385,3541,5844,552,953,2102,5562,216
"1337","TORO","2016-12",1763,9385,3541,5844,552,953,2102,5562,216
"1338","TORO","2017-02",2180,10657,4819,5838,649,1458,4889,3421,240
"1339","TORO","2017-04",2151,10616,4761,5855,637,1453,4837,3447,242
"1340","TORO","2017-05",2044,10549,4764,5785,640,1446,4833,3384,246
"1341","TORO","2017-06",2150,10549,4611,5938,571,1292,3006,5469,211
"1342","TORO","2017-09",2151,10543,4630,5913,584,1292,2982,5479,206
"1343","TORO","2017-11",2128,10440,4579,5861,576,1269,2976,5428,191
"1344","TOUNGO","2015-01",68,887,400,487,43,209,283,333,19
"1345","TOUNGO","2015-03",21,342,146,196,26,21,88,180,27
"1346","TOUNGO","2016-11",71,405,210,195,19,77,91,195,23
"1347","TOUNGO","2016-12",71,405,210,195,19,77,94,192,23
"1348","TOUNGO","2017-02",100,544,260,284,34,97,122,260,31
"1349","TOUNGO","2017-04",71,405,207,198,24,77,87,194,23
"1350","TOUNGO","2017-05",71,405,207,198,24,77,87,194,23
"1351","TOUNGO","2017-06",71,405,207,198,24,77,87,194,23
"1352","TOUNGO","2017-09",76,420,194,226,54,84,103,155,24
"1353","TOUNGO","2017-11",76,420,217,203,24,77,87,209,23
"1354","USSA","2016-11",30,184,92,92,23,38,48,75,0
"1355","USSA","2016-12",30,184,93,91,24,40,48,72,0
"1356","USSA","2017-02",28,187,90,97,8,45,58,76,0
"1357","USSA","2017-04",28,187,90,97,8,45,58,76,0
"1358","USSA","2017-05",170,1147,504,643,85,193,335,405,129
"1359","USSA","2017-06",143,1053,434,619,33,165,317,496,42
"1360","USSA","2017-09",111,711,335,376,29,106,244,302,30
"1361","USSA","2017-11",101,635,281,354,29,106,255,219,26
"1362","WARJI","2016-11",84,516,270,246,40,109,162,191,14
"1363","WARJI","2016-12",84,516,270,246,42,113,181,164,16
"1364","WARJI","2017-02",84,516,264,252,40,107,183,167,19
"1365","WARJI","2017-04",84,519,245,274,41,114,148,193,23
"1366","WARJI","2017-05",82,506,259,247,34,116,146,190,20
"1367","WARJI","2017-06",76,468,243,225,30,109,146,163,20
"1368","WARJI","2017-09",76,468,243,225,30,109,132,170,27
"1369","WARJI","2017-11",76,494,254,240,32,113,141,176,32
"1370","WASE","2015-11",85,589,252,337,38,96,196,227,32
"1371","WASE","2016-01",385,2953,1355,1598,149,376,891,1372,165
"1372","WASE","2016-03",239,1772,772,1000,168,285,522,580,217
"1373","WASE","2016-08",254,1899,914,985,268,400,499,535,197
"1374","WUKARI","2015-03",2622,2622,1300,1322,278,514,746,705,379
"1375","WUKARI","2015-06",583,1303,632,671,145,206,335,545,72
"1376","WUKARI","2015-07",393,2604,1165,1439,268,459,739,978,160
"1377","WUKARI","2015-09",385,2485,1199,1286,228,380,742,950,185
"1378","WUKARI","2015-11",414,2624,1197,1427,142,279,912,1144,147
"1379","WUKARI","2016-01",499,3433,1753,1680,253,458,1133,1415,174
"1380","WUKARI","2016-03",528,3717,1752,1965,237,506,1395,1509,70
"1381","WUKARI","2016-08",528,3717,1764,1953,232,509,1388,1509,79
"1382","WUKARI","2016-10",528,3717,1764,1953,232,509,1388,1509,79
"1383","WUKARI","2016-11",2493,15257,7214,8043,993,2128,6119,5568,449
"1384","WUKARI","2016-12",2571,15684,7395,8289,1014,2144,6267,5808,451
"1385","WUKARI","2017-02",2467,14954,7085,7869,912,2054,6030,5536,422
"1386","WUKARI","2017-04",2614,15807,7497,8310,935,2248,6441,5761,422
"1387","WUKARI","2017-05",2624,15865,7538,8327,947,2277,6467,5752,422
"1388","WUKARI","2017-06",2648,15988,7604,8384,973,2310,6501,5782,422
"1389","WUKARI","2017-09",2667,16083,7647,8436,993,2333,6526,5809,422
"1390","WUKARI","2017-11",2776,16639,7901,8738,1026,2409,6700,6085,419
"1391","WUKARI","2018-01",275,1564,731,833,95,143,666,623,37
"1392","WUKARI","2018-04",275,1564,731,833,95,143,667,622,37
"1393","WUKARI","2018-06",448,2585,1215,1370,146,325,1092,967,55
"1394","WUKARI","2018-07",401,2350,1096,1254,118,323,991,873,45
"1395","WUKARI","2018-10",343,1941,917,1024,98,169,844,790,40
"1396","WUKARI","2018-11",223,1287,598,689,86,109,565,498,29
"1397","WUKARI","2019-05",223,1298,606,692,92,114,564,499,29
"1398","WUKARI","2019-07",276,1563,726,837,103,149,666,609,36
"1399","WUKARI","2019-08",276,1563,730,833,103,148,667,609,36
"1400","WUKARI","2019-11",276,1563,728,835,103,149,667,608,36
"1401","WUKARI","2020-01",276,1563,728,835,103,149,667,608,36
"1402","YALMALTU/ DEBA","2016-11",526,3429,1615,1814,111,394,976,1899,49
"1403","YALMALTU/ DEBA","2016-12",526,3429,1619,1810,111,394,976,1898,50
"1404","YALMALTU/ DEBA","2017-02",429,2829,1337,1492,81,337,833,1538,40
"1405","YALMALTU/ DEBA","2017-04",425,2806,1326,1480,85,333,821,1527,40
"1406","YALMALTU/ DEBA","2017-05",420,2789,1325,1464,86,316,812,1535,40
"1407","YALMALTU/ DEBA","2017-06",420,2800,1337,1463,92,306,825,1534,43
"1408","YALMALTU/ DEBA","2017-09",423,2812,1345,1467,98,306,839,1526,43
"1409","YALMALTU/ DEBA","2017-11",429,2864,1373,1491,102,320,861,1538,43
"1410","YOLA NORTH","2015-01",422,2140,768,1372,108,219,637,1141,35
"1411","YOLA NORTH","2015-03",403,2064,740,1324,105,213,612,1111,23
"1412","YOLA NORTH","2015-06",206,1692,671,1021,25,269,716,669,13
"1413","YOLA NORTH","2015-07",272,1809,891,918,155,183,807,544,120
"1414","YOLA NORTH","2015-09",83,420,172,248,80,100,77,139,24
"1415","YOLA NORTH","2015-11",90,724,315,409,84,167,169,246,58
"1416","YOLA NORTH","2016-01",402,1013,385,628,26,68,193,675,51
"1417","YOLA NORTH","2016-03",193,639,288,351,64,104,145,313,13
"1418","YOLA NORTH","2016-08",179,952,391,561,68,149,273,433,29
"1419","YOLA NORTH","2016-10",126,841,376,465,25,161,129,453,73
"1420","YOLA NORTH","2016-11",2258,11631,4881,6750,212,1863,4703,4616,237
"1421","YOLA NORTH","2016-12",2438,11089,4685,6404,245,1856,4266,4506,216
"1422","YOLA NORTH","2017-02",2578,10984,4541,6443,140,1814,4487,4359,184
"1423","YOLA NORTH","2017-04",2522,10491,4331,6160,130,1730,4313,4148,170
"1424","YOLA NORTH","2017-05",2528,10516,4412,6104,154,1741,4147,4306,168
"1425","YOLA NORTH","2017-06",2508,10590,4351,6239,152,1777,4331,4173,157
"1426","YOLA NORTH","2017-09",2725,10366,4270,6096,153,1734,4324,3997,158
"1427","YOLA NORTH","2017-11",2454,9933,4122,5811,349,1690,3827,3866,201
"1428","YOLA NORTH","2018-01",118,592,250,342,47,74,251,208,12
"1429","YOLA NORTH","2018-04",118,592,250,342,32,89,251,208,12
"1430","YOLA NORTH","2018-06",118,659,286,373,29,114,268,236,12
"1431","YOLA NORTH","2018-07",126,596,258,338,16,101,251,221,7
"1432","YOLA NORTH","2018-10",131,621,263,358,13,113,254,234,7
"1433","YOLA NORTH","2018-11",135,625,265,360,13,113,254,238,7
"1434","YOLA NORTH","2019-05",136,630,266,364,14,113,254,242,7
"1435","YOLA NORTH","2019-07",137,637,269,368,16,114,254,246,7
"1436","YOLA NORTH","2019-08",137,637,269,368,16,114,254,246,7
"1437","YOLA NORTH","2019-11",122,704,298,406,33,121,311,216,23
"1438","YOLA NORTH","2020-01",122,704,298,406,33,121,311,216,23
"1439","YOLA SOUTH","2015-01",1499,8806,3802,5004,529,840,2558,4773,106
"1440","YOLA SOUTH","2015-03",1098,6792,2697,4095,636,1432,1682,2155,887
"1441","YOLA SOUTH","2015-06",193,1073,567,506,106,230,286,307,144
"1442","YOLA SOUTH","2015-07",443,1737,773,964,62,525,612,533,5
"1443","YOLA SOUTH","2015-09",473,2022,1002,1020,213,223,654,881,51
"1444","YOLA SOUTH","2015-11",496,2480,1257,1223,571,500,320,1027,62
"1445","YOLA SOUTH","2016-01",471,2453,1146,1307,186,333,913,993,28
"1446","YOLA SOUTH","2016-03",581,2233,1046,1187,240,229,801,890,73
"1447","YOLA SOUTH","2016-08",724,2677,1133,1544,118,544,946,977,92
"1448","YOLA SOUTH","2016-10",708,3515,1664,1851,132,745,840,1674,124
"1449","YOLA SOUTH","2016-11",3269,16356,8077,8279,623,3002,5391,7032,308
"1450","YOLA SOUTH","2016-12",3269,16780,8401,8379,705,2132,5846,7849,248
"1451","YOLA SOUTH","2017-02",3251,16757,8212,8545,742,2524,5703,7460,328
"1452","YOLA SOUTH","2017-04",2987,15317,7521,7796,561,2167,5736,6678,175
"1453","YOLA SOUTH","2017-05",2987,15413,7520,7893,636,2359,5554,6683,181
"1454","YOLA SOUTH","2017-06",3031,15318,7508,7810,598,2365,5524,6632,199
"1455","YOLA SOUTH","2017-09",3159,15919,7875,8044,617,2323,5602,7058,319
"1456","YOLA SOUTH","2017-11",3319,17209,8546,8663,840,2484,6086,7401,398
"1457","YOLA SOUTH","2018-01",1083,5666,2798,2868,319,1083,1864,2180,220
"1458","YOLA SOUTH","2018-04",1094,5593,2758,2835,370,1033,1805,2154,231
"1459","YOLA SOUTH","2018-06",1074,5415,2690,2725,373,1012,1726,2073,231
"1460","YOLA SOUTH","2018-07",999,5368,2658,2710,375,1010,1712,2040,231
"1461","YOLA SOUTH","2018-10",960,5107,2536,2571,356,908,1620,1993,230
"1462","YOLA SOUTH","2018-11",935,4980,2478,2502,354,872,1603,1926,225
"1463","YOLA SOUTH","2019-05",912,3985,1804,2181,267,552,1278,1694,194
"1464","YOLA SOUTH","2019-07",1041,5399,2406,2993,361,707,1751,2362,218
"1465","YOLA SOUTH","2019-08",1036,5520,2472,3048,313,553,1876,2576,202
"1466","YOLA SOUTH","2019-11",1006,5396,2409,2987,299,525,1773,2600,199
"1467","YOLA SOUTH","2020-01",1014,5465,2447,3018,303,521,1758,2707,176
"1468","YORRO","2016-11",37,237,107,130,4,71,75,86,1
"1469","YORRO","2016-12",42,272,114,158,1,79,116,75,1
"1470","YORRO","2017-02",478,3346,1407,1939,54,201,1186,1603,302
"1471","YORRO","2017-04",143,776,345,431,16,130,216,408,6
"1472","YORRO","2017-05",115,622,268,354,13,143,173,285,8
"1473","YORRO","2017-06",84,462,204,258,10,114,137,195,6
"1474","YORRO","2017-09",66,382,159,223,5,76,127,171,3
"1475","YORRO","2017-11",37,202,84,118,4,32,71,95,0
"1476","YORRO","2018-10",142,1026,482,544,17,25,252,726,6
"1477","YORRO","2019-11",200,982,452,530,22,18,80,856,6
"1478","YUNUSARI","2016-11",476,3122,1309,1813,172,543,1224,1092,91
"1479","YUNUSARI","2016-12",436,2856,1193,1663,178,506,1027,1060,85
"1480","YUNUSARI","2017-02",383,2482,1024,1458,155,434,893,937,63
"1481","YUNUSARI","2017-04",374,2442,997,1445,106,353,888,1058,37
"1482","YUNUSARI","2017-05",375,2445,992,1453,113,348,891,1057,36
"1483","YUNUSARI","2017-06",369,2409,985,1424,112,340,885,1036,36
"1484","YUNUSARI","2017-09",378,2467,1018,1449,113,363,898,1056,37
"1485","YUNUSARI","2017-11",335,2172,849,1323,102,344,752,931,43
"1486","YUNUSARI","2018-01",27,162,64,98,6,18,56,81,1
"1487","YUNUSARI","2018-04",23,79,49,30,5,16,27,29,2
"1488","YUNUSARI","2018-06",23,79,49,30,5,7,29,36,2
"1489","YUNUSARI","2018-07",19,122,55,67,5,7,48,62,0
"1490","YUNUSARI","2018-10",19,122,51,71,4,7,66,44,1
"1491","YUNUSARI","2018-11",19,115,52,63,1,20,51,43,0
"1492","YUNUSARI","2019-05",17,95,45,50,3,7,46,39,0
"1493","YUNUSARI","2019-07",17,95,43,52,5,8,54,28,0
"1494","YUNUSARI","2019-08",44,297,135,162,8,17,178,91,3
"1495","YUNUSARI","2019-11",17,95,40,55,5,18,39,33,0
"1496","YUNUSARI","2020-01",17,95,40,55,5,18,39,33,0
"1497","YUSUFARI","2016-11",183,982,448,534,132,185,294,273,98
"1498","YUSUFARI","2016-12",177,995,463,532,118,180,305,273,119
"1499","YUSUFARI","2017-02",222,1110,499,611,128,236,337,319,90
"1500","YUSUFARI","2017-04",215,1075,528,547,153,201,310,284,127
"1501","YUSUFARI","2017-05",216,1076,528,548,150,200,307,292,127
"1502","YUSUFARI","2017-06",212,1060,510,550,150,204,297,293,116
"1503","YUSUFARI","2017-09",208,1040,510,530,139,198,296,291,116
"1504","YUSUFARI","2017-11",206,1030,513,517,131,197,291,298,113
"1505","YUSUFARI","2019-08",15,48,22,26,2,5,23,15,3
"1506","ZAKI","2016-11",442,2200,962,1238,113,728,577,720,62
"1507","ZAKI","2016-12",445,2207,984,1223,120,732,546,737,72
"1508","ZAKI","2017-02",466,2304,1019,1285,122,761,601,763,57
"1509","ZAKI","2017-04",477,2362,1068,1294,99,772,694,743,54
"1510","ZAKI","2017-05",474,2350,1072,1278,95,741,707,749,58
"1511","ZAKI","2017-06",510,2520,1173,1347,103,743,746,864,64
"1512","ZAKI","2017-09",506,2509,1186,1323,117,707,713,873,99
"1513","ZAKI","2017-11",510,2627,1232,1395,150,693,779,856,149
"1514","ZAKI","2018-01",18,117,53,64,8,30,34,41,4
"1515","ZAKI","2018-04",50,296,142,154,19,79,83,100,15
"1516","ZAKI","2018-06",49,298,138,160,18,74,83,104,19
"1517","ZAKI","2018-07",42,242,112,130,16,58,69,85,14
"1518","ZAKI","2018-10",30,157,74,83,11,33,43,60,10
"1519","ZAKI","2018-11",26,147,66,81,7,34,43,55,8
"1520","ZAKI","2019-05",27,141,64,77,7,30,46,51,7
"1521","ZAKI","2019-07",26,135,63,72,6,27,47,48,7
"1522","ZAKI","2019-08",25,133,62,71,7,26,45,48,7
"1523","ZAKI","2019-11",23,112,53,59,6,19,39,41,7
"1524","ZAKI","2020-01",25,129,60,69,6,24,46,46,7
"1525","ZING","2016-11",74,384,218,166,38,59,113,113,61
"1526","ZING","2016-12",74,384,210,174,49,65,99,128,43
"1527","ZING","2017-02",87,430,206,224,49,80,109,111,81
"1528","ZING","2017-04",100,476,199,277,50,103,118,143,62
"1529","ZING","2017-05",100,476,213,263,39,74,155,155,53
"1530","ZING","2017-06",100,476,191,285,23,55,163,206,29
"1531","ZING","2017-09",100,476,191,285,23,55,163,206,29
"1532","ZING","2017-11",100,476,191,285,23,55,163,206,29
