EVENT_DATE,31/01/1997,28/02/1997,31/03/1997,30/04/1997,31/05/1997,30/06/1997,31/07/1997,31/08/1997,30/09/1997,31/10/1997,30/11/1997,31/12/1997,31/01/1998,28/02/1998,31/03/1998,30/04/1998,31/05/1998,30/06/1998,31/07/1998,31/08/1998,30/09/1998,31/10/1998,30/11/1998,31/12/1998,31/01/1999,28/02/1999,31/03/1999,30/04/1999,31/05/1999,30/06/1999,31/07/1999,31/08/1999,30/09/1999,31/10/1999,30/11/1999,31/12/1999,31/01/2000,29/02/2000,31/03/2000,30/04/2000,31/05/2000,30/06/2000,31/07/2000,31/08/2000,30/09/2000,31/10/2000,30/11/2000,31/12/2000,31/01/2001,28/02/2001,31/03/2001,30/04/2001,31/05/2001,30/06/2001,31/07/2001,31/08/2001,30/09/2001,31/10/2001,30/11/2001,31/12/2001,31/01/2002,28/02/2002,31/03/2002,30/04/2002,31/05/2002,30/06/2002,31/07/2002,31/08/2002,30/09/2002,31/10/2002,30/11/2002,31/12/2002,31/01/2003,28/02/2003,31/03/2003,30/04/2003,31/05/2003,30/06/2003,31/07/2003,31/08/2003,30/09/2003,31/10/2003,30/11/2003,31/12/2003,31/01/2004,29/02/2004,31/03/2004,30/04/2004,31/05/2004,30/06/2004,31/07/2004,31/08/2004,30/09/2004,31/10/2004,30/11/2004,31/12/2004,31/01/2005,28/02/2005,31/03/2005,30/04/2005,31/05/2005,30/06/2005,31/07/2005,31/08/2005,30/09/2005,31/10/2005,30/11/2005,31/12/2005,31/01/2006,28/02/2006,31/03/2006,30/04/2006,31/05/2006,30/06/2006,31/07/2006,31/08/2006,30/09/2006,31/10/2006,30/11/2006,31/12/2006,31/01/2007,28/02/2007,31/03/2007,30/04/2007,31/05/2007,30/06/2007,31/07/2007,31/08/2007,30/09/2007,31/10/2007,30/11/2007,31/12/2007,31/01/2008,29/02/2008,31/03/2008,30/04/2008,31/05/2008,30/06/2008,31/07/2008,31/08/2008,30/09/2008,31/10/2008,30/11/2008,31/12/2008,31/01/2009,28/02/2009,31/03/2009,30/04/2009,31/05/2009,30/06/2009,31/07/2009,31/08/2009,30/09/2009,31/10/2009,30/11/2009,31/12/2009,31/01/2010,28/02/2010,31/03/2010,30/04/2010,31/05/2010,30/06/2010,31/07/2010,31/08/2010,30/09/2010,31/10/2010,30/11/2010,31/12/2010,31/01/2011,28/02/2011,31/03/2011,30/04/2011,31/05/2011,30/06/2011,31/07/2011,31/08/2011,30/09/2011,31/10/2011,30/11/2011,31/12/2011,31/01/2012,29/02/2012,31/03/2012,30/04/2012,31/05/2012,30/06/2012,31/07/2012,31/08/2012,30/09/2012,31/10/2012,30/11/2012,31/12/2012,31/01/2013,28/02/2013,31/03/2013,30/04/2013,31/05/2013,30/06/2013,31/07/2013,31/08/2013,30/09/2013,31/10/2013,30/11/2013,31/12/2013,31/01/2014,28/02/2014,31/03/2014,30/04/2014,31/05/2014,30/06/2014,31/07/2014,31/08/2014,30/09/2014,31/10/2014,30/11/2014,31/12/2014,31/01/2015,28/02/2015,31/03/2015,30/04/2015,31/05/2015,30/06/2015,31/07/2015,31/08/2015,30/09/2015,31/10/2015,30/11/2015,31/12/2015,31/01/2016,29/02/2016,31/03/2016,30/04/2016,31/05/2016,30/06/2016,31/07/2016,31/08/2016,30/09/2016,31/10/2016,30/11/2016,31/12/2016,31/01/2017,28/02/2017,31/03/2017,30/04/2017,31/05/2017,30/06/2017,31/07/2017,31/08/2017,30/09/2017,31/10/2017,30/11/2017,31/12/2017,31/01/2018,28/02/2018,31/03/2018,30/04/2018,31/05/2018,30/06/2018,31/07/2018,31/08/2018,30/09/2018,31/10/2018,30/11/2018,31/12/2018,31/01/2019,28/02/2019,31/03/2019,30/04/2019,31/05/2019,30/06/2019,31/07/2019,31/08/2019,30/09/2019,31/10/2019,30/11/2019,31/12/2019,31/01/2020,29/02/2020
Algeria,465,145,0,415,64,123,374,665,346,233,115,634,558,45,6,149,211,32,22,83,39,0,12,112,17,0,15,0,9,14,4,29,59,19,70,133,257,233,80,50,79,92,87,43,47,82,27,312,0,66,201,143,77,139,34,88,54,59,0,84,76,70,60,107,126,73,113,116,105,78,31,52,123,31,44,26,53,93,13,4,179,35,14,15,0,1,9,0,14,41,21,18,35,39,25,59,31,30,7,14,29,36,9,21,34,37,1,5,14,3,19,57,46,81,20,12,12,28,80,10,32,21,81,77,56,54,62,43,106,90,3,64,32,34,53,31,40,38,17,155,28,16,4,17,17,43,43,37,43,118,86,30,18,48,21,10,20,21,15,30,13,41,20,29,12,4,19,22,28,23,14,65,29,16,30,56,11,28,14,2,8,38,10,36,14,28,12,32,16,16,9,26,89,24,9,23,33,20,47,41,15,8,16,16,39,6,38,30,38,3,8,1,9,30,17,10,2,3,10,16,35,9,51,8,2,5,4,9,8,4,22,15,34,20,3,1,9,8,5,0,8,33,12,12,14,17,13,8,9,13,4,2,15,9,0,1,4,2,11,7,7,2,7,1,4,0,1,0,8,0,0,0,2,2,5,0,2,0
Angola,40,1027,63,200,69,2244,214,53,0,3,301,1048,48,77,1164,12,64,31,2206,430,480,465,1080,44825,28782,894,13029,22516,1377,274,3899,1555,633,538,113,201,766,161,38,324,425,1475,190,112,44,84,186,166,40,361,316,82,442,1267,323,373,273,203,77,5400,47,176,45,0,0,0,0,0,0,0,7,0,0,0,0,0,0,0,0,0,0,0,0,6,0,16,3,0,0,1,0,0,13,0,0,0,0,0,0,0,3,0,0,0,0,0,0,0,0,1,0,0,0,0,9,0,0,0,0,3,3,0,0,0,0,1,1,0,4,1,0,6,0,0,0,0,0,0,7,0,0,0,0,3,0,0,3,0,0,0,2,0,0,0,0,0,2,0,0,0,0,0,0,0,2,5,6,0,0,0,0,0,0,0,0,0,1,3,0,0,0,0,0,0,0,0,2,0,4,0,0,0,0,0,0,0,1,0,0,2,1,0,2,0,0,0,0,0,0,0,0,0,0,0,0,0,0,0,0,22,0,1,0,0,0,0,0,0,0,0,30,0,12,0,20,12,24,0,11,6,4,13,0,16,17,8,3,0,3,0,0,3,1,1,0,6,0,1,1,0,7,12,0,12,14,1,1,2,0,1,1,0,2,0,0,1,6,
Benin,,,,,,,,,,0,0,0,0,0,0,0,0,0,0,1,0,0,0,0,0,0,0,0,0,0,0,0,0,0,0,0,0,0,0,0,1,0,0,0,0,0,0,0,0,0,0,0,0,0,0,4,0,0,0,0,0,0,0,0,0,0,0,0,0,0,0,0,0,0,0,0,0,0,0,0,0,0,0,0,0,0,0,0,0,0,0,2,0,0,0,0,0,0,0,0,0,0,0,0,0,0,0,0,0,0,0,0,0,0,0,0,0,0,0,0,0,0,0,0,2,0,0,0,0,0,0,0,0,0,0,0,0,0,0,0,0,0,0,0,0,0,0,0,0,0,0,0,0,0,1,0,0,0,0,0,0,0,0,0,0,0,0,0,0,0,0,0,0,0,0,0,0,0,0,0,0,0,0,0,0,0,0,0,0,0,0,0,0,0,0,0,0,0,0,0,0,0,0,0,0,0,0,0,0,0,0,0,0,0,0,0,0,1,0,2,0,0,0,0,0,0,0,0,1,0,1,0,3,0,7,0,0,10,0,0,2,0,4,2,6,0,0,0,0,0,0,1,0,8,0,7,0,2,12,1,0,0,0,0,4,2,0,2,13,7,0,5,0,1,0,1,5,
Botswana,,,,,,,,,,0,0,0,0,0,0,0,0,0,0,0,0,0,0,0,0,0,0,0,0,0,0,0,0,0,0,0,0,0,0,0,0,0,0,0,0,0,0,0,0,0,0,0,0,0,0,0,0,0,0,0,0,0,0,0,0,0,0,0,0,0,0,0,0,0,0,0,0,0,0,0,0,0,0,0,0,0,0,0,0,0,0,0,0,0,0,0,0,0,0,0,0,0,0,0,0,0,0,0,0,0,0,0,0,0,0,0,0,0,0,0,0,0,0,0,0,0,0,0,0,0,0,0,0,0,0,0,1,0,0,0,0,0,0,0,1,0,0,0,0,0,0,0,0,0,0,0,0,0,0,0,0,0,0,0,0,0,0,0,0,0,0,0,0,0,0,0,0,0,0,0,0,0,0,0,0,0,0,0,0,0,0,0,0,0,0,0,0,0,0,0,0,0,0,0,0,0,0,0,0,0,0,0,0,0,0,0,0,0,0,0,0,0,0,0,0,0,0,0,0,0,0,0,0,0,0,0,0,0,0,0,0,0,0,0,0,0,0,0,0,0,0,0,0,0,0,0,0,0,0,0,0,1,0,0,0,0,0,0,0,0,0,0,0,0,0,0,2,
Burkina Faso,,0,0,0,0,0,0,0,0,0,0,0,0,0,0,0,0,0,0,0,0,0,0,4,2,0,0,0,0,0,0,1,0,0,0,0,0,0,0,0,0,0,0,0,0,0,0,1,0,0,0,0,0,0,0,0,0,0,0,0,0,106,0,0,0,0,0,0,0,0,0,0,0,0,0,0,0,0,0,0,0,1,0,0,0,5,0,0,0,8,0,0,0,0,0,0,0,0,0,0,0,0,0,0,0,0,0,0,0,0,0,0,0,1,9,0,0,0,0,6,0,0,0,0,0,0,0,0,0,0,0,0,0,0,0,0,8,6,0,0,0,0,0,0,0,0,0,0,0,0,0,0,0,0,0,0,0,0,0,0,0,0,1,0,0,0,0,0,0,5,1,2,2,0,0,0,0,0,0,0,0,0,10,0,0,0,1,4,0,0,0,17,0,0,3,0,0,0,0,1,0,4,0,0,1,0,1,1,0,0,5,0,0,27,1,0,0,0,0,0,1,3,0,1,11,5,2,0,37,4,1,0,3,4,0,1,2,13,2,14,6,2,3,1,16,7,12,26,14,10,14,5,3,5,22,6,7,2,6,21,62,69,66,34,260,203,144,220,100,136,134,133,124,214,228,298,201,22
Burundi,796,230,176,275,377,47,953,271,168,316,307,226,398,29,22,211,15,53,100,129,41,90,36,114,229,0,9,41,24,54,46,684,352,139,119,21,90,318,76,199,248,167,254,1006,404,390,408,331,136,380,219,133,122,330,168,192,548,161,639,889,136,162,215,191,146,76,330,255,311,47,220,47,102,77,117,66,86,75,666,43,276,44,46,32,73,20,15,25,27,2,14,197,75,17,16,55,10,3,14,18,24,35,341,35,30,23,11,43,4,29,26,10,13,19,45,9,4,3,12,0,0,2,1,0,2,1,0,5,30,20,0,2,12,9,6,91,68,0,1,1,8,0,0,1,2,3,1,7,0,1,32,8,7,3,1,6,13,13,9,5,25,15,11,0,37,14,7,4,4,2,2,9,9,9,6,4,10,38,19,0,0,1,3,0,13,3,2,0,0,9,0,0,2,0,6,0,3,0,3,0,0,0,2,2,0,11,10,0,0,1,0,0,3,10,2,36,161,0,0,20,63,44,100,54,85,136,141,307,76,85,37,57,42,38,31,25,15,21,15,13,32,18,23,25,30,33,34,29,14,16,15,11,26,26,9,38,55,31,23,29,12,23,35,20,29,21,19,25,14,15,22,30,14,36,65,8,4,
Cameroon,,0,6,0,0,0,0,0,0,0,0,0,0,7,0,0,0,0,1,0,0,0,0,0,0,1,0,0,0,0,0,0,0,0,0,0,0,0,0,0,0,1,0,0,0,0,15,0,0,0,0,0,1,0,0,0,0,3,0,0,0,0,0,0,0,4,0,0,0,0,0,0,0,0,0,0,0,0,2,2,0,0,0,0,0,0,0,0,9,0,0,1,0,0,0,0,0,0,5,0,10,35,0,0,0,0,0,0,0,0,0,0,1,0,0,0,26,3,1,0,20,0,0,7,5,1,12,0,0,3,23,0,10,106,0,0,0,100,12,0,0,0,0,6,1,0,0,0,0,0,0,0,5,6,6,1,0,0,0,0,0,0,0,0,0,0,6,0,2,2,8,0,0,0,5,0,0,0,0,0,2,0,0,15,0,0,0,0,3,0,0,0,0,0,0,10,3,0,1,2,0,0,7,9,4,16,10,20,3,169,36,53,167,214,296,378,320,606,7,22,63,4,101,25,85,29,154,23,116,86,26,32,48,108,59,75,8,20,134,9,54,80,16,42,19,75,63,111,69,74,57,55,40,78,78,106,183,84,135,97,215,212,223,62,111,104,90,125,112,190,116,56,69,59,39,134,188,1
Central African Rep.,14,1,7,0,2,100,0,0,0,0,0,7,1,0,40,0,0,0,0,0,0,0,5,0,0,0,0,0,0,6,0,0,3,1,10,0,0,1,0,0,0,0,1,0,0,0,0,7,0,0,0,32,0,4,1,0,0,0,1,14,0,0,10,1,232,0,0,20,20,100,26,130,0,2,59,2,1,1,0,1,0,1,1,16,0,0,0,13,0,0,10,0,0,5,52,0,0,0,0,1,0,0,72,0,0,0,0,0,5,28,1,4,4,147,0,20,27,52,3,0,22,60,0,8,82,1,5,8,18,8,6,0,0,54,0,38,6,0,54,1,0,2,25,12,11,0,0,0,10,104,22,30,11,8,60,4,6,59,74,79,44,8,29,0,42,8,59,4,0,18,18,41,9,27,7,2,63,2,2,16,10,3,24,85,9,4,4,6,20,1,19,77,18,5,156,124,43,46,279,138,366,198,76,1110,1139,574,210,306,375,249,99,198,72,204,22,171,59,54,52,22,27,11,9,81,86,56,46,22,18,8,19,9,30,67,30,2,73,108,142,233,24,76,236,61,442,174,138,210,64,191,85,128,235,51,85,140,200,109,54,62,28,41,139,27,83,28,26,127,66,1,16,11,72,27,20,96,53,
Chad,,4,0,0,0,0,40,0,0,110,30,23,0,15,66,0,4,0,0,0,0,0,0,0,0,63,0,0,0,0,26,0,0,0,80,11,0,3,197,25,0,0,240,2,0,4,65,24,0,0,15,2,1,86,16,0,0,0,9,4,0,0,0,1,12,0,0,23,0,364,99,0,0,52,14,0,0,0,3,0,39,0,0,47,6,70,138,5,67,138,2,4,0,12,0,0,15,0,0,0,67,0,0,0,125,3,4,301,18,0,337,518,5,57,15,0,0,100,585,270,207,114,28,30,0,0,0,6,17,33,200,207,0,1,1,15,3,179,60,0,10,3,0,0,0,0,0,7,248,0,0,0,0,2,0,4,0,0,0,109,0,0,0,0,0,0,0,0,0,0,0,0,0,0,0,3,10,0,2,2,0,0,0,0,0,0,2,0,0,0,0,1,0,0,0,0,5,0,0,0,0,0,0,0,0,4,0,19,0,0,0,26,0,0,1,0,4,4,1,11,44,50,173,19,0,75,20,28,5,2,0,7,0,0,0,5,11,0,0,12,0,8,0,10,47,170,0,11,0,21,4,25,0,11,24,0,0,11,18,4,27,75,32,57,8,65,49,84,92,44,23,127,15,8,13,38,71,0
Dem. Rep. of the Congo,992,1000,145,48,1329,3,687,4,52,0,18,5,14,0,1,65,31,83,39,763,716,108,767,825,203,306,1329,281,429,1001,655,1751,539,375,561,146,960,10,220,228,7,213,1,34,19,0,0,0,348,42,141,57,129,925,61,20,20,420,196,24,834,440,75,2948,251,31,54,224,12,140,910,178,127,400,567,344,527,727,438,137,14,83,20,21,23,1,16,54,48,7,19,27,35,39,43,88,10,40,62,75,6,26,136,46,2,91,53,18,49,4,28,58,1,63,13,113,44,26,6,7,56,108,8,20,19,6,31,22,102,12,1,0,29,37,11,29,30,32,2,22,290,283,62,1439,563,762,69,219,208,44,536,443,1237,127,201,2330,250,329,339,207,18,87,83,30,6,29,70,10,52,97,59,24,43,17,36,92,33,38,43,86,96,56,61,63,220,74,180,201,101,88,268,46,102,204,211,44,128,193,196,163,54,92,71,517,74,95,54,69,110,154,88,133,28,168,123,134,115,119,65,560,208,115,86,78,75,98,127,117,65,106,119,64,138,130,76,264,181,118,157,323,140,278,513,606,167,236,507,137,97,156,60,313,211,338,281,171,233,172,177,160,155,186,257,754,334,319,185,170,315,686,387,220,170,286,361,251,337,6
Djibouti,,,,,,,,,0,0,0,0,0,0,3,0,0,0,0,0,0,0,0,0,0,0,0,13,0,0,0,0,1,0,0,0,0,0,0,0,0,0,0,0,0,0,0,0,0,0,0,0,0,0,0,0,0,0,0,0,0,0,0,2,0,0,0,0,0,0,0,0,0,0,0,0,0,0,0,0,0,0,0,0,0,0,0,0,0,0,0,0,0,0,0,0,0,0,0,0,0,0,0,0,0,0,0,0,0,0,0,0,0,0,0,0,0,0,0,0,0,0,0,0,0,0,0,0,0,0,0,0,0,0,0,0,0,10,0,0,0,0,0,0,0,0,0,0,0,0,0,4,0,0,0,0,0,0,0,0,3,0,0,0,0,0,0,0,0,3,0,0,0,0,0,0,0,0,0,0,0,0,0,0,0,0,0,0,0,0,0,1,0,6,0,0,0,0,0,0,0,0,0,0,0,0,0,0,3,3,0,5,0,0,0,0,0,0,0,0,0,0,0,0,0,0,0,27,0,0,0,0,0,0,0,0,0,0,0,0,0,0,0,0,0,0,0,0,0,0,0,0,0,0,0,0,0,0,0,0,0,0,0,0,0,0,0,0,0,3,0,0,1,0,0,,,
Egypt,6,15,14,4,0,12,12,5,21,11,69,2,0,0,22,3,0,0,0,0,0,0,2,0,1,0,0,0,0,0,1,0,5,1,0,0,29,0,0,0,0,0,0,0,0,26,20,2,0,3,0,0,0,0,1,0,0,0,0,0,0,1,0,1,0,0,0,22,0,0,0,0,0,0,0,0,0,0,0,0,0,0,0,0,0,0,0,0,0,0,0,0,0,28,0,0,0,0,0,4,0,0,88,0,0,1,1,10,0,0,0,24,0,0,0,0,0,0,0,0,0,0,0,0,0,0,0,0,0,0,0,0,3,1,5,2,3,1,3,2,2,5,2,1,0,0,0,3,1,2,1,0,7,1,1,1,15,6,3,10,6,7,11,8,3,1,0,0,867,56,80,7,21,9,14,16,4,105,47,29,5,91,1,3,25,16,5,53,4,22,16,3,61,14,40,17,13,36,357,1535,128,121,107,56,181,201,74,72,37,59,147,93,125,132,133,109,161,214,213,276,181,140,534,101,609,301,77,50,198,105,190,136,235,105,76,119,100,262,100,95,93,64,102,137,120,45,205,57,68,152,413,88,51,137,117,124,62,80,35,128,38,93,82,165,154,72,84,68,137,88,49,83,81,105,47,34,41,0
Equatorial Guinea,,,,,,,0,0,0,0,0,0,0,0,0,0,0,6,0,0,0,0,0,0,0,0,0,0,0,0,0,0,0,0,0,0,0,0,0,0,0,0,0,0,0,0,0,0,0,0,0,0,0,0,0,0,0,0,0,0,0,0,0,0,0,0,0,0,0,0,0,0,0,0,0,0,0,0,1,0,0,0,0,0,0,0,0,0,12,0,0,0,0,0,0,0,0,0,0,0,0,0,0,0,0,0,0,0,0,0,0,0,0,0,0,0,0,0,0,0,0,0,0,0,0,0,0,0,0,0,0,0,0,0,3,0,0,0,0,0,0,0,0,0,0,2,0,0,0,0,0,0,0,0,1,0,0,7,0,0,0,0,0,0,0,0,0,0,0,0,0,0,0,0,0,0,0,0,0,0,0,0,0,0,0,1,0,0,0,0,0,0,0,0,0,0,0,0,0,0,0,0,0,0,0,0,0,0,0,0,0,0,0,0,0,0,0,0,0,0,0,0,0,0,0,0,0,0,0,0,0,0,0,0,0,0,0,0,0,0,0,0,0,0,0,0,0,0,0,0,0,1,2,0,0,0,1,0,1,0,0,0,0,0,0,0,1,,,,,,,,,,,
Eritrea,,100,0,0,0,0,0,0,0,0,0,0,0,0,0,0,6,1232,60,0,0,0,0,0,0,16619,11079,5538,7386,11100,0,0,0,335,0,0,20,120,0,0,13,40,0,0,0,0,0,0,4,0,0,0,0,1,0,0,0,0,0,0,0,0,0,0,0,0,0,0,0,0,0,1,0,16,1,1,0,0,1,4,0,0,0,1,28,3,0,0,0,0,0,0,0,0,25,0,0,0,0,0,0,0,161,4,0,0,0,0,0,0,0,0,0,0,0,0,0,1,0,1,1,0,0,0,0,0,0,0,0,1,3,0,0,0,0,0,44,31,0,0,0,166,8,1,1,2,0,0,3,0,0,0,0,3,0,0,52,0,0,18,0,0,0,0,0,0,0,0,0,0,0,0,0,0,9,0,0,0,0,0,0,0,0,0,0,0,0,0,0,0,0,0,0,0,0,0,0,38,0,80,0,0,0,0,0,0,0,0,0,0,0,10,0,0,0,0,0,0,3,0,0,0,0,0,0,0,0,0,6,0,0,11,0,18,0,0,0,1,1,0,0,0,0,0,1,0,0,0,0,0,0,0,0,0,1,0,0,0,0,0,0,0,0,0,0,0,0,0,0,0,0,0,,,,,,
eSwatini,,0,0,0,0,0,0,0,0,0,0,0,0,0,0,0,0,0,0,0,0,0,2,0,0,0,0,0,0,0,0,0,0,0,0,0,0,0,0,0,0,0,0,0,0,0,1,0,0,0,0,0,0,0,0,0,0,1,0,0,0,0,0,0,0,0,0,0,0,0,0,0,0,0,0,0,0,0,0,1,0,0,0,0,0,0,0,0,0,0,0,0,0,0,0,0,0,0,0,0,0,0,0,0,0,0,0,0,0,0,0,0,0,0,0,0,0,0,0,0,0,0,0,0,0,0,0,0,0,0,0,0,0,0,0,0,0,0,0,0,2,0,0,0,0,0,0,0,0,0,0,0,0,0,0,0,0,0,0,0,1,0,0,0,0,0,0,0,0,1,0,0,1,0,0,0,0,0,0,1,0,0,0,0,0,2,0,0,0,0,0,0,0,0,0,0,0,0,0,0,0,0,0,0,0,0,0,0,0,0,0,0,0,0,0,0,0,0,0,0,0,0,0,0,1,1,1,0,0,0,0,0,0,0,0,0,0,0,0,0,0,0,0,0,0,0,0,0,0,0,0,0,0,0,0,0,0,0,0,0,0,0,0,0,0,0,0,0,0,0,0,0,0,0,0,2,,
Ethiopia,0,2,0,1,1,67,2,0,5,6,0,0,0,1,0,5,104,655,158,0,0,28,4,3,95,7403,6825,0,47,1846,1776,704,0,133,2,8,5,1,212,0,19,357,175,259,0,155,131,93,180,115,262,102,39,36,16,0,61,0,84,0,41,7,240,388,533,1750,253,280,92,204,218,191,145,91,0,49,52,17,0,54,27,91,79,195,72,28,29,136,28,214,102,139,41,73,77,62,22,8,5,508,56,207,53,17,59,246,97,5,89,0,3,42,151,41,0,0,7,28,3,2,0,19,0,74,0,5,546,44,0,422,100,213,0,127,1,41,391,0,0,0,0,34,13,32,0,180,74,149,121,191,79,53,63,297,654,1,89,22,29,335,245,12,105,180,355,31,150,35,37,130,20,18,113,15,0,0,152,109,25,36,8,47,63,28,256,26,56,17,71,40,52,221,113,29,30,23,39,1,113,33,11,13,79,100,21,1,7,64,19,175,22,0,19,4,0,3,0,0,0,0,0,51,93,102,76,88,128,272,156,164,135,305,144,141,80,354,263,494,186,90,161,123,116,48,60,25,51,47,283,113,171,154,134,47,114,91,75,263,121,170,139,133,62,204,82,19,18,47,98,70,67,27,58,145,18,16,33,5
Gabon,,,,,,,,4,0,0,0,0,0,0,0,0,0,0,0,0,0,0,0,0,0,0,0,0,0,0,4,0,0,0,0,0,0,0,0,0,0,0,0,0,0,0,0,0,0,0,0,0,0,0,0,0,0,0,0,0,0,0,0,0,0,0,0,0,0,0,0,0,0,0,0,0,0,0,0,0,0,0,0,0,0,0,0,0,0,0,0,0,6,0,2,0,0,0,0,0,0,0,0,0,0,0,0,0,0,0,0,0,0,0,0,1,0,0,0,0,0,0,0,0,0,0,0,0,0,0,0,0,0,0,0,0,0,0,0,0,0,0,0,0,0,0,0,0,0,0,0,0,0,0,0,0,0,0,0,0,0,0,0,0,0,0,0,0,0,0,0,0,0,0,0,0,0,0,0,0,0,0,0,0,0,0,0,0,0,0,0,0,0,0,0,0,0,0,0,0,0,0,0,0,0,0,0,0,0,0,0,0,0,0,0,2,0,0,0,0,0,0,0,0,0,0,0,0,0,0,0,0,0,0,0,1,6,0,0,0,0,0,0,0,0,0,0,0,0,0,0,0,0,0,0,0,0,0,0,0,0,0,0,0,5,0,0,0,0,1,0,0,0,0,0,0,3,
Gambia,,,,,,0,1,0,0,0,0,0,0,0,0,0,0,0,0,0,0,0,0,0,0,0,0,0,0,0,0,0,0,0,0,0,1,0,1,15,0,1,0,0,0,0,0,0,0,0,0,0,0,0,0,0,1,5,0,0,1,0,0,0,0,0,0,0,0,0,0,0,0,0,0,0,0,0,0,0,0,0,0,0,0,0,0,0,0,0,0,0,0,0,0,1,0,0,0,0,0,0,57,0,0,0,0,0,0,0,0,0,0,0,0,0,0,0,0,0,0,0,0,0,0,0,0,0,0,15,0,0,0,0,0,0,0,0,0,0,0,0,0,0,18,0,0,0,0,0,0,0,0,0,0,0,0,0,0,0,0,0,0,0,0,0,0,0,0,0,0,0,0,0,0,0,0,0,0,0,0,0,0,0,0,4,0,0,0,0,0,4,0,0,0,0,0,0,0,0,0,0,0,0,0,0,0,0,0,0,0,0,0,0,0,3,0,0,0,0,0,0,0,0,0,0,0,0,0,0,0,4,0,0,0,0,0,0,0,0,0,0,3,0,0,2,1,0,0,0,0,0,0,0,0,0,0,3,0,0,0,0,0,0,0,0,1,0,0,0,1,0,0,0,0,0,3,
Ghana,,,2,0,0,0,0,0,0,1,1,1,4,0,0,0,0,0,0,0,0,0,0,0,0,0,0,0,0,0,0,0,0,0,0,0,0,0,0,1,0,0,0,0,0,0,1,32,0,0,0,0,126,0,0,0,0,0,0,18,0,0,38,0,0,0,0,0,0,0,0,0,1,2,1,1,0,0,0,2,0,0,0,0,0,0,0,0,0,0,0,0,0,1,1,1,0,2,0,0,0,0,0,0,0,0,0,0,0,0,0,0,0,0,0,3,0,0,0,0,0,0,0,0,0,0,0,0,0,5,0,6,1,0,2,0,5,15,0,6,0,0,0,0,0,0,5,0,3,0,5,0,5,0,3,0,0,0,3,2,0,0,0,0,0,0,1,0,0,1,0,0,0,0,0,4,0,0,0,0,0,0,0,0,0,14,1,4,0,0,0,1,1,0,3,3,8,5,1,0,0,1,1,0,0,0,4,5,0,4,0,0,0,0,0,1,1,1,0,0,0,0,13,6,0,4,6,0,4,3,9,1,2,5,9,1,4,0,1,3,0,12,5,10,5,2,1,1,27,12,3,10,5,1,0,0,0,2,7,0,3,2,1,4,8,5,4,2,6,6,4,4,1,1,5,2,5,
Guinea,,,,,,,,,,,0,0,0,0,14,0,0,0,0,7,0,15,35,15,0,0,10,0,3,352,0,0,86,2,0,0,31,0,0,0,0,6,0,0,413,115,640,140,122,396,164,5,0,0,8,0,0,0,0,6,0,0,0,0,0,0,0,0,14,0,0,0,0,0,0,0,0,2,0,0,0,0,0,0,0,0,0,0,0,2,0,0,0,0,0,3,1,0,0,2,0,0,1,0,0,0,5,0,0,2,0,0,0,12,0,0,0,0,0,0,39,23,0,0,4,0,0,0,0,0,0,0,0,0,0,0,1,3,0,0,0,2,0,0,0,0,0,0,0,0,0,4,160,0,0,6,0,12,0,0,0,4,0,0,1,2,13,0,0,0,3,0,0,1,1,0,1,0,0,0,0,0,0,0,0,1,0,6,3,0,1,8,0,5,4,1,18,0,95,0,1,0,2,5,0,2,2,0,0,0,0,0,9,0,0,0,3,0,0,3,1,0,0,0,0,19,7,1,0,2,0,0,1,0,0,1,0,0,0,0,2,8,1,1,3,2,0,0,4,1,24,1,2,11,5,4,1,5,3,0,1,3,3,1,1,7,1,7,1,2,0,0,0,9,11,2,14,
Guinea-Bissau,,,,0,0,0,0,0,0,0,0,0,10,0,0,0,0,372,105,0,0,80,0,0,0,122,0,0,106,0,0,1,0,0,0,0,0,0,0,7,0,0,0,0,0,0,7,0,13,0,0,0,0,0,0,0,0,0,0,0,0,0,0,0,0,0,0,0,0,0,0,0,0,0,1,0,0,0,0,0,2,0,0,0,0,4,1,0,0,0,0,0,0,2,0,0,0,0,0,0,0,3,2,0,0,0,0,0,0,0,61,0,0,0,0,0,0,0,0,0,2,0,0,0,0,0,0,0,0,0,0,0,0,0,0,3,0,0,0,0,0,0,2,0,0,0,2,0,0,4,0,0,0,0,0,0,0,0,0,0,0,0,0,0,0,0,0,0,0,0,0,0,0,0,0,0,0,0,0,1,0,0,1,1,0,0,0,0,0,6,1,0,0,0,0,0,0,0,0,0,0,3,0,0,0,0,0,0,0,0,0,0,22,0,0,0,0,0,0,0,0,0,1,0,0,0,0,0,0,0,0,0,0,0,0,0,0,0,0,0,0,0,0,0,0,0,0,0,0,0,0,0,0,0,0,0,0,0,0,0,0,0,0,0,0,0,0,0,0,0,0,0,0,1,0,,,
Ivory Coast,2,0,15,0,0,0,0,1,0,0,0,0,0,0,0,0,1,0,1,0,4,0,0,8,0,0,0,0,0,0,0,0,1,1,3,0,0,0,0,0,1,0,2,3,16,225,0,13,6,1,3,1,6,0,0,0,0,0,0,0,0,0,0,0,0,0,5,0,21,203,40,31,101,48,268,537,163,10,13,13,11,11,26,0,6,4,129,0,0,172,0,0,0,2,131,50,0,67,0,8,21,117,9,3,0,0,0,1,22,12,0,5,0,10,2,0,0,0,5,0,3,0,0,0,0,0,0,0,0,1,0,1,0,0,0,1,0,7,0,0,10,0,10,0,0,3,0,0,0,1,0,0,0,0,0,0,0,7,0,3,0,0,0,0,0,0,12,74,67,41,461,104,122,11,0,0,12,0,0,7,1,0,1,8,0,21,11,42,9,18,0,7,7,2,29,6,1,6,16,0,9,0,1,2,3,8,3,1,13,2,0,0,0,0,1,2,3,1,1,2,1,1,0,0,2,0,1,12,0,10,60,0,1,0,2,5,1,1,6,3,5,0,1,1,11,0,4,0,2,10,2,7,4,2,1,1,0,0,1,0,1,2,4,0,0,1,3,0,17,6,1,1,1,2,2,11,4,
Kenya,6,9,179,7,23,1,37,70,97,29,16,15,7,0,2,5,2,0,85,225,2,286,0,0,12,8,104,1,2,21,0,159,1,3,13,15,31,93,22,72,37,45,70,17,19,17,13,13,59,56,135,17,20,23,38,10,87,8,46,140,31,11,96,6,6,18,58,6,94,21,54,25,30,7,12,7,9,34,26,15,19,3,11,0,13,49,2,17,4,3,74,15,1,3,3,0,58,7,60,64,15,10,121,4,0,4,5,6,37,6,11,10,20,30,30,38,13,19,16,74,39,5,7,43,150,123,83,50,14,3,21,425,586,28,155,29,25,6,94,156,41,21,10,5,31,5,3,29,4,5,4,52,3,42,2,5,28,5,10,2,4,19,10,10,5,34,23,69,17,9,15,4,65,37,6,1,1,13,36,3,31,19,27,6,11,9,32,89,76,42,86,84,59,47,67,46,63,63,25,83,114,24,51,129,31,13,32,15,54,128,68,51,19,34,88,78,25,13,32,162,96,58,33,26,1,7,4,46,17,10,2,1,16,42,37,12,22,25,17,25,16,38,69,57,88,67,96,111,35,60,88,20,28,46,24,14,26,18,17,29,108,42,29,25,30,14,11,14,20,17,8,13,35,30,27,49,33,
Lesotho,,5,0,0,0,2,0,0,0,0,0,0,11,1,0,0,0,0,0,3,79,2,0,0,0,0,0,0,50,0,0,0,0,0,0,0,0,0,0,0,0,0,0,0,0,0,0,0,0,0,0,0,0,0,0,0,0,0,0,0,0,8,0,0,0,0,0,0,0,0,1,0,0,0,0,0,0,0,0,0,0,0,1,0,0,0,0,0,0,0,0,0,0,0,0,0,0,0,0,0,0,0,0,0,0,0,0,0,0,0,0,0,0,1,0,0,0,0,1,0,0,0,0,0,0,0,0,0,0,0,0,0,0,0,0,0,0,0,0,0,0,0,0,0,0,0,0,4,0,0,0,0,0,0,0,0,0,0,0,0,0,0,0,0,1,0,0,0,0,0,0,0,0,0,0,0,0,0,0,0,0,2,1,3,0,0,0,2,0,0,0,0,0,0,0,0,0,0,0,0,0,0,0,0,0,0,0,0,0,0,0,1,0,0,0,0,0,1,0,0,0,1,1,0,0,1,0,0,0,0,0,0,0,0,0,0,4,0,0,0,0,0,0,0,0,1,0,0,3,0,0,0,0,0,0,0,0,0,0,0,0,0,0,0,0,2,0,0,0,2,0,0,0,1,0,0,1,
Liberia,0,0,0,0,0,0,0,0,0,0,0,2,0,0,0,1,2,0,85,2,11,0,0,1,0,0,0,40,0,0,0,489,0,0,0,0,0,0,0,0,0,0,42,0,0,0,0,1,0,0,0,1,1,2,23,0,0,0,0,28,0,0,15,12,9,0,0,0,0,0,0,0,0,0,5,0,56,263,0,0,0,0,0,0,0,0,0,0,2,1,0,0,0,0,16,0,0,0,0,0,0,13,0,3,0,0,0,0,0,0,0,0,0,0,0,0,0,0,0,0,0,0,1,0,0,0,0,0,0,0,0,0,0,0,0,0,0,0,0,0,0,0,0,0,0,0,0,0,0,0,0,0,0,0,0,0,0,1,0,10,0,1,0,0,0,0,0,0,0,0,0,0,0,0,2,0,11,0,1,0,0,0,0,0,0,0,0,0,0,0,0,0,0,0,0,0,0,0,0,0,2,1,0,0,0,0,1,0,0,0,0,1,2,0,2,20,0,0,0,3,0,0,0,0,1,0,0,0,0,1,1,3,1,0,0,0,0,1,1,0,1,2,0,3,0,0,0,0,0,1,0,0,0,1,0,1,0,0,0,0,0,0,0,0,1,0,2,0,0,3,1,0,3,0,0,1,0,
Libya,8,0,0,0,0,0,1,0,0,0,0,0,0,0,0,1,0,1,0,0,0,0,0,0,0,0,0,0,0,0,0,0,0,0,0,0,2,0,0,0,0,0,0,0,50,0,0,0,0,0,0,0,0,0,0,0,0,0,0,0,0,0,0,0,0,0,0,0,0,0,0,0,0,0,0,0,0,0,0,0,0,0,0,0,0,0,0,0,0,0,0,0,0,0,0,0,0,0,0,0,0,1,0,0,0,0,0,0,0,17,0,0,0,0,0,0,0,1,0,0,0,0,0,0,0,0,0,0,0,0,0,0,0,0,0,0,1,0,0,0,0,0,39,0,0,0,0,0,0,0,0,10,0,0,0,0,0,0,0,0,0,0,0,0,0,0,0,0,0,986,914,340,860,182,286,816,746,372,24,6,13,33,97,21,10,228,3,24,39,59,7,18,14,6,19,5,6,90,23,20,22,49,111,74,189,57,80,23,159,83,438,361,682,605,324,334,306,448,269,269,279,280,297,296,203,82,150,122,226,261,208,257,173,419,300,306,152,214,291,458,206,127,198,46,302,83,188,97,109,107,156,44,247,73,73,36,191,120,27,76,99,74,114,58,71,184,59,405,43,289,217,240,285,111,74,90,123,1
Madagascar,,,,,,,0,0,0,0,0,0,0,0,0,0,0,0,0,0,0,0,0,0,0,0,0,0,0,0,0,0,0,0,0,0,0,1,0,0,0,0,0,0,0,0,0,0,0,0,0,0,0,0,0,0,0,0,0,2,1,1,20,16,0,0,0,0,0,0,0,0,0,0,0,0,0,1,0,0,0,0,0,0,0,0,0,0,0,1,0,0,0,0,0,0,0,1,0,0,0,0,0,0,0,0,1,1,0,0,0,0,0,0,0,1,0,0,0,0,1,0,0,15,0,0,0,0,6,0,0,0,2,0,0,0,0,0,0,0,0,0,0,0,135,2,1,3,0,0,4,0,0,0,0,0,0,0,0,0,1,2,0,0,0,0,0,0,0,0,0,0,0,0,0,0,0,0,0,0,2,2,3,0,1,6,15,5,148,30,6,2,9,9,1,0,2,0,83,0,25,43,4,5,6,20,1,83,44,47,35,18,57,114,29,11,3,16,19,7,5,35,34,33,35,0,0,5,5,30,31,0,6,33,0,7,14,7,33,11,20,28,9,4,18,6,20,12,27,13,40,13,19,15,6,5,24,8,5,17,2,8,6,27,55,18,32,17,21,18,19,19,28,75,25,23,73,
Malawi,,,,0,0,0,0,0,0,0,0,0,0,0,0,0,0,0,0,0,0,0,0,0,0,0,0,0,0,0,0,0,0,0,0,0,0,0,0,0,0,0,0,0,0,1,0,3,0,0,0,4,2,0,0,1,0,0,1,0,0,0,0,0,0,0,0,0,0,0,0,1,0,0,0,0,0,0,0,0,0,0,0,0,0,0,0,2,0,0,0,0,0,0,0,0,0,0,0,0,0,0,0,0,0,0,0,0,0,0,0,0,0,0,0,0,0,0,0,0,1,0,0,0,0,0,0,0,0,0,0,0,0,0,0,0,0,0,0,0,0,3,0,0,0,0,0,0,0,0,0,0,0,0,0,0,0,0,0,0,0,0,0,0,0,0,0,0,0,0,0,0,0,0,19,0,1,0,0,0,0,0,0,0,0,0,0,0,0,0,0,0,0,0,0,0,0,0,1,0,1,0,0,0,0,3,3,1,2,0,0,0,1,0,1,0,2,0,0,0,2,1,1,0,0,4,0,2,4,5,10,1,1,0,0,0,0,0,0,2,0,1,2,3,3,1,2,0,3,2,1,1,2,0,0,3,0,1,1,0,0,2,4,2,0,0,0,1,0,0,1,0,0,10,4,6,1,
Mali,0,0,0,0,0,2,0,1,0,0,0,0,0,0,3,0,0,0,0,0,0,0,8,0,0,0,0,11,0,2,58,9,0,40,0,0,3,0,5,0,0,0,0,0,0,0,0,0,0,0,0,0,0,5,0,0,0,2,0,8,0,0,0,0,0,0,0,5,0,0,0,0,0,0,0,0,0,0,0,26,0,0,0,0,0,0,0,0,0,0,0,0,0,0,0,0,0,0,0,0,0,15,0,0,0,0,0,0,0,0,0,0,0,3,0,0,1,0,0,0,0,0,0,0,10,0,0,0,8,0,0,0,0,0,8,7,117,0,0,0,2,1,0,22,31,0,0,0,0,28,1,10,0,0,0,4,0,5,1,0,0,0,6,1,16,12,5,1,0,0,2,0,0,45,0,1,6,1,1,1,144,129,12,68,36,33,12,21,44,20,17,2,284,242,165,14,19,31,5,42,25,17,15,24,11,70,16,27,115,8,45,4,15,42,21,8,91,6,24,48,41,33,26,56,9,22,30,42,15,42,6,23,37,30,55,20,20,16,33,23,108,65,71,72,71,185,139,53,34,73,37,39,79,135,118,195,146,252,209,54,127,112,162,158,172,202,276,155,105,232,72,65,147,66,187,200,184,
Mauritania,,,0,0,0,0,0,0,0,0,3,0,0,0,0,0,0,0,0,0,0,0,0,0,0,0,0,0,0,0,0,0,0,0,0,0,0,0,0,0,0,0,0,0,0,0,1,0,0,0,0,0,0,0,0,0,0,0,0,0,0,0,0,1,0,0,0,0,0,0,0,0,0,0,0,0,0,25,0,1,0,0,0,0,0,0,0,0,0,0,0,0,0,0,0,0,0,0,0,0,1,25,0,0,0,0,0,0,0,0,0,0,0,0,0,0,0,0,0,0,0,0,1,0,0,0,0,0,0,0,1,7,0,0,0,2,0,0,0,0,12,0,0,0,0,0,0,0,0,1,1,0,0,0,0,0,0,3,0,0,0,0,0,1,20,0,0,2,0,5,0,0,1,0,10,0,3,0,0,0,0,0,0,0,0,1,1,0,0,1,0,0,0,0,0,0,0,0,0,0,0,0,0,0,0,0,1,0,0,0,0,0,0,0,0,0,0,0,0,0,0,0,0,1,0,0,0,0,0,0,0,0,0,0,0,0,0,0,0,0,0,0,2,0,0,0,0,0,0,0,0,0,0,0,0,0,0,0,0,2,0,0,0,1,0,0,1,0,0,0,0,0,0,0,0,2,0,
Morocco,0,0,2,0,0,5,0,1,0,0,1,0,0,0,0,10,0,0,0,0,0,0,0,0,0,0,0,0,0,0,0,0,2,0,0,0,0,0,0,0,0,0,0,0,0,0,0,0,0,0,0,0,0,0,0,0,0,0,0,0,0,0,0,0,0,0,0,0,0,0,0,0,0,0,0,0,41,0,0,0,2,0,0,0,2,0,0,0,0,0,0,0,0,0,0,0,0,0,0,0,0,0,0,1,0,1,0,1,0,0,0,0,0,0,0,0,0,2,0,0,0,0,0,2,0,0,0,0,0,0,0,0,0,0,0,0,0,0,0,0,0,0,0,0,0,0,0,0,0,0,0,0,0,0,0,0,0,0,0,0,0,0,0,0,0,2,28,0,0,6,0,17,1,0,1,0,7,1,0,0,0,0,0,0,0,0,0,0,0,1,0,0,0,0,3,0,0,0,1,0,1,0,0,0,0,0,0,2,0,0,1,1,0,0,0,0,0,1,0,0,0,0,2,1,0,0,0,0,3,1,0,0,1,0,0,0,1,0,0,0,0,0,0,0,1,0,1,0,2,0,0,0,0,0,0,0,1,0,0,1,1,2,0,2,0,0,0,1,0,0,4,0,0,0,0,0,0,0
Mozambique,,,,,0,0,0,0,0,0,0,0,0,0,0,0,0,0,0,0,0,0,0,0,0,0,0,0,0,0,0,0,0,0,0,0,1,0,0,0,0,0,0,0,0,0,1,0,0,0,0,0,0,0,0,0,0,0,0,0,0,0,0,0,0,0,0,0,0,0,0,0,0,0,0,0,0,0,0,0,0,0,0,0,2,0,0,0,0,0,0,1,0,0,0,0,0,0,0,0,0,0,0,0,12,0,0,0,0,0,0,0,0,0,2,0,0,0,0,0,0,0,0,0,0,0,0,0,0,0,0,0,0,0,0,2,0,0,0,0,0,0,0,0,0,0,4,0,0,0,0,0,0,0,0,0,0,0,0,1,0,0,0,3,16,4,0,2,0,0,0,4,0,0,0,0,0,0,0,0,2,0,4,0,0,4,2,1,0,1,0,0,0,0,3,7,0,19,2,0,0,84,16,13,14,4,19,4,3,9,0,1,0,3,0,0,0,2,1,0,0,1,1,0,36,6,1,0,2,4,2,42,7,1,4,17,15,8,1,2,10,8,8,6,8,10,7,6,4,44,13,5,10,0,5,5,16,57,18,9,19,12,24,36,26,30,22,7,51,58,51,90,76,96,108,47,54,
Namibia,0,0,0,0,0,0,0,0,0,0,0,0,0,0,0,0,0,0,0,0,0,0,0,0,0,0,0,0,0,0,0,27,0,0,0,44,30,71,9,14,2,0,0,4,7,5,8,10,3,0,4,0,2,0,0,0,0,0,4,0,0,8,0,0,0,0,0,0,0,0,0,0,0,0,0,0,0,0,0,3,0,1,0,0,0,0,0,0,0,0,0,0,0,0,0,0,0,0,0,0,0,0,0,0,0,0,0,0,0,0,0,0,0,0,0,0,0,0,0,0,0,0,0,0,0,0,0,0,0,0,0,0,0,0,0,0,0,0,0,0,0,0,0,0,0,0,0,0,0,0,0,0,0,0,0,0,0,0,0,0,0,0,0,0,0,0,0,0,0,1,0,0,0,0,0,0,0,0,0,0,0,0,0,0,0,0,0,1,0,0,0,0,0,1,1,1,0,0,0,0,0,0,0,0,0,0,2,0,0,2,0,1,0,0,0,0,0,1,1,2,0,0,0,0,0,0,0,0,0,0,0,0,0,0,0,0,0,0,0,0,0,0,1,0,0,1,0,0,0,0,0,0,0,0,0,0,0,1,0,0,0,0,0,0,0,0,0,0,0,1,0,0,1,0,2,0,0,
Niger,15,0,0,0,0,4,29,0,5,39,29,0,1,1,0,0,16,0,0,1,0,0,0,150,0,0,0,5,0,0,0,0,0,0,5,0,0,0,0,0,0,0,0,0,0,0,0,0,0,1,0,0,0,2,0,0,1,0,0,0,0,1,0,0,0,0,2,73,0,0,0,0,0,0,0,0,0,0,0,0,0,0,0,0,0,0,0,4,0,0,0,3,5,0,0,0,0,0,0,0,0,0,0,0,0,0,0,1,0,0,0,0,0,0,0,0,0,0,0,0,0,5,0,1,0,0,13,23,21,0,16,11,4,0,32,10,21,17,0,0,0,6,4,0,0,0,0,0,0,0,0,0,0,0,0,14,2,10,8,0,0,0,1,0,0,0,0,0,4,0,0,0,0,2,0,0,3,0,14,2,0,0,1,0,7,7,0,0,0,0,0,0,0,0,0,0,25,7,0,1,0,0,0,0,0,0,0,0,0,0,0,0,3,23,12,0,5,490,65,230,8,59,51,0,15,36,24,5,12,0,15,8,25,89,31,36,88,25,30,8,5,25,17,61,11,5,36,44,11,22,3,0,15,7,17,63,20,31,16,2,7,13,28,287,86,41,110,55,58,84,26,29,3,32,18,171,175,
Nigeria,11,30,38,112,17,29,22,28,38,17,51,79,76,28,42,36,57,34,61,90,58,716,49,35,59,12,15,78,266,307,252,237,95,24,421,30,23,2101,124,39,459,255,40,102,11,136,44,11,11,29,14,93,88,203,76,77,1057,430,69,47,88,144,70,16,34,123,221,22,30,93,255,45,52,302,99,48,127,66,72,63,24,25,12,66,15,147,87,76,1968,3,11,9,62,3,12,5,1,11,8,12,8,17,13,10,5,16,3,1,17,69,7,1,1,7,7,2,2,7,5,1,39,5,13,90,12,27,11,11,9,3,9,79,3,37,9,15,14,5,4,54,4,33,771,24,10,30,6,3,1219,26,808,28,22,13,8,44,823,54,405,227,29,48,30,21,10,61,16,180,110,109,45,1358,63,63,145,87,87,16,173,216,355,131,179,251,170,333,378,107,151,418,267,243,188,196,446,403,303,375,337,449,828,458,368,335,434,737,1338,1078,1406,1176,887,497,1138,959,893,845,3244,1794,1064,418,606,380,970,405,455,588,263,731,362,910,520,452,447,378,293,483,238,201,317,295,769,379,273,254,283,199,401,369,523,798,353,345,733,468,443,845,587,706,546,438,283,413,410,371,510,587,683,640,524,687,406,241,276,272,287,306,489,0
Rep. of the Congo,12,0,1,0,1,5,2,3,0,17,0,0,0,0,9,1,0,0,0,4,2,3,2,100,8,1,0,11,0,9,0,0,0,0,0,0,80,0,0,0,0,0,0,0,0,0,16,0,0,0,0,0,0,0,0,0,0,0,0,0,0,0,0,0,0,0,0,0,0,1,0,0,0,10,0,0,0,0,0,0,0,13,0,0,1,0,7,0,0,0,0,1,0,0,1,0,0,0,0,0,0,0,0,0,1,14,0,0,0,0,1,0,0,0,0,0,0,0,0,0,0,0,0,0,0,0,0,0,15,0,0,0,0,0,0,0,0,0,0,0,0,0,0,0,0,0,0,0,0,0,0,0,0,0,100,0,0,0,0,0,0,0,0,0,0,0,0,0,0,0,0,0,0,0,0,0,0,0,0,0,0,0,0,0,0,0,1,0,0,0,0,1,0,0,0,0,0,0,0,0,0,0,0,40,0,0,0,0,11,0,0,0,0,0,0,0,0,0,0,0,0,0,0,0,0,4,0,0,0,0,0,47,0,0,3,0,25,0,0,3,0,0,15,3,3,0,0,0,0,0,0,0,0,0,1,0,1,0,26,0,0,0,0,0,0,0,0,0,0,0,0,0,0,0,0,2,,
Rwanda,146,65,176,187,78,107,146,875,5,196,605,356,172,100,587,387,87,54,381,415,118,402,245,0,0,2,1,0,0,0,17,1,1,0,0,59,3,5,5,0,4,155,0,0,8,1,0,0,0,0,0,0,751,182,19,0,0,0,0,0,0,0,1,0,0,0,0,0,0,0,0,0,0,0,0,1,0,0,0,0,0,1,1,0,0,0,0,16,0,0,0,0,0,10,0,0,0,0,1,0,0,0,0,0,0,3,0,0,0,0,0,0,0,0,0,0,1,0,15,0,5,1,0,7,3,0,0,0,0,0,3,0,0,0,0,1,0,0,0,1,7,0,0,0,0,0,0,0,0,0,3,0,4,0,1,0,4,1,0,3,1,2,1,7,2,0,0,0,3,0,0,0,0,0,0,0,0,0,0,0,3,0,1,0,12,0,0,1,0,0,16,1,0,0,1,0,0,0,3,1,2,0,0,1,1,0,0,0,0,1,0,0,0,0,0,2,0,3,0,0,0,0,0,0,0,1,0,0,0,0,0,0,0,2,0,6,0,0,0,0,0,0,2,0,1,1,0,0,0,0,0,0,1,14,0,1,1,6,2,0,0,0,0,13,0,0,1,0,0,0,1,0,1,33,2,6,2,
Senegal,,,32,0,0,0,3,118,130,125,41,14,10,30,0,79,0,0,0,0,0,66,35,0,0,0,3,40,36,2,0,0,0,0,0,2,0,17,2,23,2,1,11,2,0,0,0,27,1,46,17,2,23,11,0,0,2,4,2,6,2,0,9,10,9,2,0,3,5,3,0,0,4,1,0,0,3,0,0,0,0,1,0,0,0,0,0,0,0,0,0,0,0,0,0,0,0,0,0,0,0,0,2,0,0,0,0,0,1,0,0,0,0,200,0,0,1,0,0,4,0,5,0,0,0,2,0,0,0,0,0,1,0,0,0,0,6,0,2,0,0,0,0,0,0,0,0,0,0,3,0,2,2,8,0,3,1,2,7,0,0,0,1,0,0,3,1,7,5,1,3,2,1,1,0,0,1,2,10,19,8,8,5,0,2,0,0,1,0,0,0,0,0,7,0,3,2,0,1,2,0,0,0,0,0,1,0,0,0,0,0,8,0,1,0,1,0,0,0,0,0,0,0,0,0,1,0,0,0,0,0,10,0,1,0,0,1,0,4,2,0,1,0,0,0,0,0,0,0,0,0,0,15,1,1,0,3,0,6,0,0,0,3,0,0,2,0,0,0,0,0,0,0,2,0,0,0,
Sierra Leone,40,0,0,0,0,0,0,0,0,0,0,0,0,0,0,0,0,0,0,0,0,0,0,0,1,0,0,0,107,0,5,0,0,0,0,0,0,0,0,0,0,0,0,0,0,0,0,0,0,0,0,0,0,0,0,0,0,0,0,5,0,0,0,0,0,0,2,0,0,0,0,0,0,0,0,0,0,0,0,0,0,0,0,0,0,0,0,0,0,0,2,0,1,0,0,0,0,0,0,0,0,0,0,0,0,0,0,0,0,0,0,0,0,0,0,0,0,0,0,0,0,0,0,0,0,0,0,0,0,0,0,2,4,0,0,0,0,0,0,0,1,0,2,0,0,0,0,0,0,0,0,0,5,0,0,0,0,0,0,0,0,0,0,0,0,0,0,0,0,0,0,0,0,2,0,0,0,0,0,0,0,0,0,1,0,0,0,0,0,0,0,2,0,0,0,1,0,0,1,0,2,0,1,1,0,0,0,0,0,0,0,0,0,2,0,0,0,0,0,0,1,1,0,0,0,0,0,0,0,0,0,0,0,0,2,4,0,0,0,1,0,0,1,0,0,0,0,0,0,1,0,0,0,0,1,4,1,0,0,0,3,0,0,0,5,2,1,0,0,0,0,0,0,0,0,0,1,1
Somalia,,1,0,2,0,39,0,5,0,0,1,1,0,0,3,0,0,0,0,0,0,0,1,0,5,0,15,0,20,17,43,0,6,4,0,0,5,0,1,0,1,7,13,0,0,5,1,0,3,2,12,0,15,0,21,0,0,1,18,0,4,4,6,4,11,1,6,0,19,0,9,19,22,77,97,10,53,95,96,76,39,98,21,80,76,117,96,305,127,163,42,0,0,0,0,0,60,26,43,75,38,93,41,42,19,98,19,9,127,51,107,30,250,100,128,7,41,97,50,178,142,114,449,383,88,155,98,140,98,137,119,103,151,151,148,183,198,111,233,224,181,169,117,205,112,145,64,97,87,121,73,66,88,123,98,56,444,186,242,385,396,450,238,285,277,338,269,227,16,95,166,117,135,172,149,187,179,471,155,143,134,192,99,177,219,252,363,444,599,289,265,322,228,234,187,224,232,328,289,318,232,270,354,261,243,283,374,242,372,570,385,337,233,614,466,349,302,358,228,174,272,275,516,627,293,299,474,287,458,385,494,434,448,802,350,384,352,577,477,488,514,305,365,473,389,536,480,404,471,992,517,389,399,364,457,383,451,553,487,380,552,363,244,468,463,280,337,159,283,349,456,358,344,273,339,397,212,2
South Africa,4,6,4,7,0,8,15,0,7,25,23,0,11,0,0,1,15,9,29,14,4,7,4,6,15,28,5,4,9,5,0,0,12,0,9,0,7,0,0,3,2,2,2,0,11,15,4,13,1,4,2,0,0,0,8,0,0,0,0,1,7,3,0,1,1,5,4,2,0,5,1,0,8,0,0,0,4,3,0,0,1,0,0,0,11,1,2,5,2,0,0,7,2,0,1,4,1,1,2,0,0,0,0,0,1,0,1,0,2,0,0,8,0,0,2,3,0,0,0,2,2,1,1,1,0,3,3,3,1,0,0,0,3,0,1,5,19,3,3,1,2,1,2,4,6,4,4,1,2,6,0,0,3,5,2,2,1,3,2,2,2,0,2,2,0,2,2,6,1,5,1,1,3,4,3,1,3,5,1,4,21,17,21,14,13,20,19,77,18,13,20,4,18,14,17,4,16,4,5,4,3,10,11,2,23,13,5,13,25,11,8,12,10,9,7,15,21,10,11,28,15,15,13,9,24,23,10,18,10,14,11,10,12,18,11,10,1,8,3,18,6,5,20,6,6,4,12,8,13,8,9,2,6,1,6,9,5,5,6,14,4,7,2,8,17,15,6,10,8,8,22,20,11,14,8,21,11,
South Sudan,,,,,,,,,,,,,,,,,,,,,,,,,,,,,,,,,,,,,,,,,,,,,,,,,,,,,,,,,,,,,,,,,,,,,,,,,,,,,,,,,,,,,,,,,,,,,,,,,,,,,,,,,,,,,,,,,,,,,,,,,,,,,,,,,,,,,,,,,,,,,,,,,,,,,,,,,,,,,,,,,,,,,,,,,,,,,,,1,2216,3,95,25,275,3304,267,22,50,74,14,22,146,42,10,137,151,107,277,289,137,248,42,386,22,25,90,41,2729,1212,630,286,963,387,101,526,442,330,1119,169,229,127,68,521,428,430,242,496,238,204,444,205,197,187,224,129,106,112,146,761,584,242,429,274,354,411,396,400,675,588,197,404,250,289,317,468,399,97,229,126,167,175,222,208,66,95,127,58,112,386,111,161,116,107,75,84,170,86,36,116,54,55,2
Sudan,1860,86,517,697,32,887,239,430,128,94,35,105,135,226,80,259,610,340,546,255,530,849,83,133,362,253,436,429,242,77,456,4,36,122,11,11,28,83,186,125,152,1200,510,145,466,64,96,61,807,44,6,758,798,584,68,134,188,514,115,261,672,110,490,656,910,811,2126,45,3268,59,88,94,65,31,266,298,640,30,1957,1918,192,348,699,1715,4508,819,1259,270,1094,620,1432,358,378,136,396,181,378,89,26,157,43,39,47,369,302,106,205,125,103,32,61,70,128,30,166,14,2,288,406,362,110,111,134,200,164,28,456,418,205,193,39,99,20,399,27,126,302,64,251,371,118,23,40,393,534,206,501,308,375,52,9,332,176,185,134,61,260,329,44,193,206,160,69,102,137,14,120,96,186,540,417,868,597,1072,6,11,185,104,3,55,49,167,246,74,88,108,180,68,405,205,390,369,529,493,609,585,1376,428,463,338,549,277,769,380,461,225,1045,207,278,608,277,303,90,154,247,263,618,249,616,369,293,292,324,108,259,88,86,164,434,650,445,1080,273,133,296,103,227,77,122,59,51,105,70,172,395,114,97,50,59,83,62,33,22,87,93,104,97,236,111,24,54,88,66,67,69,36,58,68,33,194,59,56,27,25,49,103,84,0
Tanzania,,,,,,0,6,20,0,0,0,0,0,0,0,0,0,0,0,11,0,0,9,0,0,0,0,5,0,0,0,0,0,0,0,8,0,5,0,0,0,0,0,0,0,26,1,32,129,2,0,0,0,4,0,0,4,0,0,0,99,1,80,0,0,0,0,0,0,0,0,0,0,0,0,0,3,0,0,0,0,0,0,0,0,0,0,0,0,0,1,9,0,2,0,5,0,0,0,1,0,0,1,0,6,6,3,0,4,0,2,1,0,0,0,2,0,3,0,0,6,0,0,0,0,0,1,0,0,0,0,1,0,0,0,0,5,0,0,1,0,0,0,1,0,2,0,0,0,0,0,0,0,1,0,6,0,16,5,0,0,0,0,0,0,0,0,0,6,2,11,7,10,0,0,0,0,0,0,0,3,10,8,7,3,0,2,3,3,8,2,8,13,3,1,2,4,8,0,1,1,1,7,1,12,0,0,1,1,3,1,3,2,1,4,1,8,8,2,2,0,0,8,0,1,3,0,0,1,3,2,1,10,2,2,19,3,0,0,0,5,0,0,9,2,213,11,15,3,1,5,0,0,6,1,0,5,5,1,1,2,1,13,0,12,6,4,0,0,3,0,0,1,0,7,2,5,
Togo,0,0,0,0,0,4,0,0,0,0,0,0,0,0,0,0,0,2,1,0,0,0,0,0,4,0,0,0,0,0,0,0,0,0,0,0,0,0,1,0,0,0,0,0,0,0,0,0,0,0,0,0,0,0,0,0,0,0,0,0,0,0,0,0,0,0,0,0,0,0,0,0,0,0,0,0,0,0,0,0,0,2,0,0,0,0,0,2,0,0,0,0,0,0,0,0,0,11,0,83,0,0,0,0,0,0,0,0,0,0,0,0,0,0,0,0,0,0,0,0,0,0,0,0,0,0,0,0,0,0,0,0,0,0,0,0,0,0,0,1,0,0,0,0,0,0,0,2,0,0,0,0,0,0,0,0,0,0,0,0,0,0,0,0,0,0,0,0,0,0,0,0,0,0,0,0,1,0,0,0,0,0,0,0,0,0,0,0,0,0,0,0,0,0,0,2,0,0,0,0,0,0,0,6,0,0,0,0,0,0,0,0,0,0,0,0,0,0,0,0,0,0,0,0,0,0,8,0,0,5,0,0,0,0,0,0,0,0,0,0,11,18,0,0,0,0,0,2,1,12,0,0,0,0,0,1,0,0,0,0,0,0,0,4,0,0,0,1,0,5,0,0,0,0,0,1,1,
Tunisia,,,,,,,,,,,,0,0,0,0,0,0,0,0,0,0,0,0,0,0,0,0,0,0,4,0,0,0,0,0,0,0,0,0,0,0,0,0,0,0,0,0,0,0,0,0,0,0,0,0,0,0,0,0,0,0,0,0,22,0,0,0,0,0,0,0,0,0,0,0,0,0,0,0,0,0,0,0,0,0,0,0,0,0,0,0,0,0,0,0,0,0,0,0,0,0,0,0,0,0,0,0,0,0,0,0,0,0,0,0,0,0,0,0,2,14,0,0,0,0,0,0,0,0,0,0,0,0,0,0,0,2,2,0,0,0,0,0,0,0,0,0,0,0,0,0,0,0,0,0,0,0,0,0,0,0,0,0,0,0,0,0,2,149,16,2,5,28,11,1,1,8,0,0,0,1,0,1,0,0,1,0,0,4,3,1,3,1,4,0,1,2,3,10,25,4,24,2,1,5,16,3,1,8,8,23,8,3,8,11,10,1,5,36,32,5,48,6,7,0,5,16,0,2,5,84,2,11,2,4,6,0,0,2,2,0,4,3,2,3,6,0,2,3,1,2,1,4,2,3,1,2,1,6,4,3,4,1,3,2,2,4,3,4,5,1,2,5,2,0,0,1,0
Uganda,16,27,11,188,152,245,130,28,78,42,8,7,21,14,14,186,264,183,130,115,72,15,72,75,97,112,96,106,89,3,219,28,287,2,37,211,216,109,73,132,87,175,218,48,48,22,31,90,27,0,23,15,34,11,11,0,6,0,2,0,9,20,30,21,34,44,384,192,277,272,371,207,163,188,84,127,163,457,135,356,130,237,659,140,146,521,81,214,72,165,25,62,37,52,27,13,65,77,252,131,62,77,86,90,72,96,21,61,86,52,94,57,113,102,74,21,9,71,30,4,11,62,137,23,9,3,9,10,14,7,21,2,0,6,25,4,5,33,4,29,48,17,3,0,10,5,1,7,27,26,1,2,30,7,30,12,33,5,21,57,5,12,77,3,12,54,10,0,1,2,3,16,3,0,2,0,0,0,1,1,1,3,1,0,3,0,5,0,0,4,0,3,0,1,3,0,0,0,1,1,18,10,0,0,4,9,3,11,0,8,143,0,7,6,0,4,2,1,3,4,3,2,6,0,2,3,1,0,2,18,24,8,11,4,3,0,7,2,196,2,1,2,3,18,1,15,4,4,5,3,8,2,9,7,7,11,5,13,13,11,8,8,32,22,13,8,28,12,20,12,12,8,8,10,4,22,9,
Zambia,,,0,0,0,0,0,0,0,1,0,0,0,0,0,0,0,0,0,0,0,0,1,0,0,1,0,0,1,1,0,0,1,0,0,0,0,0,0,2,0,0,1,0,0,0,0,0,0,0,0,1,0,0,1,0,0,0,0,0,0,0,0,0,0,0,0,0,0,0,0,0,0,0,2,0,0,12,0,0,0,0,0,0,0,0,0,0,0,0,0,0,0,0,0,6,0,0,0,0,0,0,0,0,0,0,0,0,0,0,0,0,0,0,0,4,12,5,3,0,0,0,0,0,0,36,21,6,0,2,1,0,0,0,0,0,0,0,0,0,0,11,0,0,0,0,0,0,9,0,0,6,0,0,1,0,0,0,0,0,0,0,0,0,0,0,0,0,0,0,12,0,0,0,0,0,10,0,0,0,0,0,0,0,0,0,1,5,3,1,1,1,1,1,1,1,0,2,3,0,1,2,1,0,0,5,1,1,0,0,0,0,0,0,0,0,1,2,0,2,0,0,1,0,1,1,0,0,1,0,0,2,0,1,2,0,0,0,0,0,0,0,0,0,0,0,1,0,0,0,0,1,1,0,0,0,3,0,1,3,2,3,1,2,2,2,2,0,0,0,0,0,0,0,1,1,2,
Zimbabwe,,,,0,0,0,0,2,0,0,0,0,5,0,0,1,0,0,0,0,0,0,4,0,1,0,3,1,0,0,1,0,0,0,0,0,0,1,2,12,3,8,14,1,1,1,0,1,0,0,2,0,0,1,12,2,3,2,4,11,18,7,15,5,1,0,1,6,1,0,0,0,1,1,2,1,0,0,1,0,0,0,0,0,0,0,1,0,0,0,1,0,0,0,0,0,1,1,2,4,0,0,0,0,0,0,0,0,0,1,0,0,0,0,0,0,0,0,0,0,1,4,1,0,2,0,0,1,0,1,2,1,3,1,4,12,11,78,3,1,1,6,4,2,1,0,0,1,4,0,2,1,2,15,5,0,0,0,3,2,1,0,0,0,1,1,1,0,0,3,0,1,1,0,0,1,4,0,1,0,0,3,2,2,1,2,0,0,1,1,0,2,1,1,1,1,0,0,2,0,0,0,0,2,0,0,1,1,0,0,0,1,2,0,2,0,7,0,5,2,1,1,0,0,0,1,2,0,0,0,0,0,0,0,0,2,0,2,0,2,0,0,0,2,0,1,2,0,0,0,4,0,1,2,0,0,0,6,0,7,4,3,0,1,19,2,0,3,0,0,1,2,0,3,1,2,1,
